member_key,2023-01-02,2023-01-21,2023-01-26,2023-01-28,2023-02-01,2023-02-21,2023-02-27,2023-02-28,2023-03-01,2023-03-21,2023-03-27,2023-03-28,2023-04-01,2023-04-21,2023-04-26,2023-04-28,2023-05-02,2023-05-09,2023-05-22,2023-05-25,2023-05-29,2023-05-30,2023-06-21,2023-06-26,2023-06-28,2023-06-30,2023-07-21,2023-07-26,2023-07-28,2023-08-03,2023-08-21,2023-08-26,2023-08-28,2023-09-01,2023-09-22,2023-09-25,2023-09-28,2023-09-30,2023-10-23,2023-10-26,2023-11-02,2023-11-23,2023-11-25,2023-11-30,2023-12-01,2023-12-23,2023-12-27,2023-12-30,2024-01-22,2024-01-25,2024-01-31,2024-02-01,2024-02-21,2024-02-26,2024-03-01,2024-03-21,2024-03-26,2024-03-28,2024-04-02,2024-04-22,2024-04-26,2024-05-02,2024-05-21,2024-05-27,2024-05-29,2024-05-31,2024-06-21,2024-06-25,2024-06-29,2024-07-22,2024-07-26,2024-07-30,2024-07-31,2024-08-22,2024-08-23,2024-08-28,2024-09-02,2024-09-26,2024-10-01,2024-10-21,2024-10-29,2024-11-04,2024-11-25,2024-11-26,2024-12-04,2024-12-21,2025-01-24,2025-01-28,2025-02-01,2025-02-21,2025-02-26,2025-02-28,2025-03-01,2025-03-21,2025-03-26,2025-03-28,2025-04-01,2025-04-21,2025-04-22,2025-05-03
Book Shelves,0.0,0.0,0.0,0.0,0.0,0.0,0.0,0.0,0.0,0.0,0.0,0.0,0.0,0.0,0.0,0.0,0.0,0.0,0.0,0.0,0.0,0.0,0.0,0.0,0.0,0.0,0.0,0.0,0.0,0.0,0.0,0.0,0.0,0.0,0.0,0.0,0.0,0.0,0.0,0.0,0.0,3523.0,0.0,0.0,0.0,0.0,0.0,0.0,0.0,0.0,0.0,0.0,0.0,0.0,0.0,0.0,0.0,0.0,0.0,0.0,0.0,0.0,0.0,0.0,0.0,0.0,0.0,0.0,0.0,0.0,0.0,0.0,0.0,0.0,0.0,0.0,0.0,0.0,0.0,0.0,0.0,0.0,0.0,0.0,0.0,0.0,0.0,0.0,0.0,0.0,0.0,0.0,0.0,0.0,0.0,0.0,0.0,0.0,0.0,0.0
Keketso Mokapela,0.0,0.0,0.0,0.0,0.0,0.0,0.0,0.0,0.0,0.0,0.0,0.0,0.0,0.0,0.0,0.0,0.0,0.0,0.0,0.0,0.0,0.0,0.0,0.0,0.0,0.0,0.0,0.0,0.0,0.0,0.0,0.0,0.0,0.0,0.0,0.0,0.0,0.0,0.0,0.0,0.0,0.0,0.0,0.0,0.0,0.0,0.0,0.0,0.0,0.0,0.0,0.0,0.0,0.0,0.0,0.0,0.0,0.0,65.0,0.0,0.0,0.0,0.0,0.0,0.0,0.0,0.0,0.0,0.0,0.0,0.0,0.0,0.0,0.0,0.0,0.0,0.0,0.0,0.0,0.0,0.0,0.0,0.0,0.0,0.0,0.0,0.0,0.0,0.0,0.0,0.0,0.0,0.0,0.0,0.0,0.0,0.0,0.0,0.0,0.0
Litsitso Cooper,0.0,0.0,0.0,0.0,0.0,0.0,0.0,0.0,0.0,0.0,0.0,0.0,0.0,0.0,0.0,0.0,0.0,0.0,0.0,0.0,0.0,0.0,0.0,0.0,0.0,0.0,0.0,0.0,0.0,0.0,0.0,0.0,0.0,0.0,0.0,0.0,0.0,0.0,0.0,0.0,0.0,0.0,0.0,0.0,0.0,0.0,0.0,0.0,0.0,0.0,0.0,0.0,0.0,0.0,0.0,0.0,0.0,0.0,65.0,0.0,0.0,0.0,0.0,0.0,0.0,0.0,0.0,0.0,0.0,0.0,0.0,0.0,0.0,0.0,0.0,0.0,0.0,0.0,0.0,0.0,0.0,0.0,0.0,0.0,0.0,0.0,0.0,0.0,0.0,0.0,0.0,0.0,0.0,0.0,0.0,0.0,0.0,0.0,0.0,0.0
M001,0.0,0.0,0.0,115.0,0.0,0.0,0.0,115.0,0.0,0.0,0.0,115.0,0.0,0.0,0.0,115.0,0.0,0.0,0.0,0.0,115.0,0.0,0.0,115.0,115.0,0.0,0.0,0.0,115.0,0.0,0.0,0.0,115.0,0.0,0.0,0.0,115.0,0.0,0.0,0.0,115.0,0.0,0.0,115.0,0.0,0.0,0.0,115.0,0.0,0.0,115.0,0.0,0.0,0.0,115.0,0.0,0.0,115.0,0.0,0.0,0.0,115.0,0.0,0.0,115.0,0.0,0.0,0.0,115.0,0.0,0.0,115.0,0.0,0.0,0.0,115.0,0.0,0.0,115.0,0.0,115.0,0.0,0.0,0.0,115.0,0.0,0.0,115.0,0.0,0.0,0.0,115.0,0.0,0.0,0.0,115.0,0.0,0.0,0.0,0.0
M00151,0.0,0.0,0.0,0.0,0.0,65.0,0.0,0.0,0.0,0.0,0.0,0.0,0.0,0.0,0.0,0.0,0.0,0.0,0.0,0.0,0.0,0.0,0.0,0.0,0.0,0.0,0.0,0.0,0.0,0.0,0.0,0.0,0.0,0.0,0.0,0.0,0.0,0.0,0.0,0.0,0.0,0.0,0.0,0.0,0.0,0.0,0.0,0.0,0.0,0.0,0.0,0.0,0.0,0.0,0.0,0.0,0.0,0.0,0.0,0.0,0.0,0.0,0.0,0.0,0.0,0.0,0.0,0.0,0.0,0.0,0.0,0.0,0.0,0.0,0.0,0.0,0.0,0.0,0.0,0.0,0.0,0.0,0.0,0.0,0.0,0.0,0.0,0.0,0.0,0.0,0.0,0.0,0.0,0.0,0.0,0.0,0.0,0.0,0.0,0.0
M00199,0.0,65.0,0.0,0.0,0.0,65.0,0.0,0.0,0.0,0.0,0.0,0.0,0.0,0.0,0.0,0.0,0.0,0.0,65.0,0.0,0.0,0.0,65.0,0.0,0.0,0.0,65.0,0.0,0.0,0.0,65.0,0.0,0.0,0.0,65.0,0.0,0.0,0.0,65.0,0.0,0.0,0.0,0.0,0.0,0.0,65.0,0.0,0.0,65.0,0.0,0.0,0.0,0.0,0.0,0.0,65.0,0.0,0.0,0.0,0.0,0.0,0.0,0.0,0.0,0.0,0.0,0.0,0.0,0.0,0.0,0.0,0.0,0.0,0.0,0.0,0.0,0.0,0.0,0.0,0.0,0.0,0.0,0.0,0.0,0.0,0.0,0.0,0.0,0.0,0.0,0.0,0.0,0.0,0.0,0.0,0.0,0.0,0.0,0.0,0.0
M002,0.0,0.0,0.0,0.0,0.0,0.0,0.0,0.0,0.0,0.0,0.0,0.0,0.0,0.0,0.0,0.0,0.0,115.0,115.0,0.0,0.0,0.0,115.0,0.0,0.0,0.0,0.0,0.0,0.0,0.0,115.0,0.0,0.0,0.0,115.0,0.0,0.0,0.0,115.0,0.0,0.0,115.0,0.0,0.0,0.0,115.0,0.0,0.0,115.0,0.0,0.0,0.0,115.0,0.0,0.0,115.0,0.0,0.0,0.0,115.0,0.0,0.0,115.0,0.0,0.0,0.0,115.0,0.0,0.0,115.0,0.0,0.0,0.0,115.0,0.0,0.0,0.0,115.0,0.0,115.0,0.0,0.0,0.0,115.0,0.0,115.0,0.0,0.0,0.0,115.0,0.0,0.0,0.0,115.0,0.0,0.0,0.0,115.0,115.0,0.0
M00200,65.0,0.0,0.0,0.0,65.0,0.0,0.0,0.0,65.0,0.0,0.0,0.0,65.0,0.0,0.0,0.0,65.0,0.0,0.0,0.0,0.0,0.0,0.0,0.0,0.0,0.0,0.0,0.0,0.0,0.0,0.0,0.0,0.0,65.0,0.0,0.0,0.0,65.0,0.0,0.0,0.0,0.0,0.0,0.0,65.0,0.0,0.0,65.0,0.0,0.0,0.0,65.0,0.0,0.0,0.0,0.0,0.0,0.0,0.0,0.0,0.0,65.0,0.0,0.0,0.0,0.0,0.0,0.0,0.0,0.0,0.0,0.0,0.0,0.0,0.0,0.0,0.0,0.0,0.0,0.0,0.0,0.0,0.0,0.0,65.0,0.0,0.0,0.0,0.0,0.0,0.0,0.0,0.0,0.0,0.0,0.0,0.0,0.0,0.0,0.0
M00201,0.0,0.0,115.0,0.0,0.0,0.0,0.0,0.0,0.0,0.0,115.0,0.0,0.0,0.0,115.0,0.0,0.0,0.0,0.0,115.0,0.0,0.0,0.0,0.0,0.0,0.0,0.0,0.0,0.0,0.0,0.0,0.0,0.0,0.0,0.0,0.0,0.0,0.0,0.0,0.0,0.0,0.0,0.0,0.0,0.0,0.0,0.0,0.0,0.0,0.0,0.0,0.0,0.0,0.0,0.0,0.0,0.0,0.0,0.0,0.0,0.0,0.0,0.0,0.0,0.0,0.0,0.0,0.0,0.0,0.0,0.0,0.0,0.0,0.0,0.0,0.0,0.0,0.0,0.0,0.0,0.0,0.0,0.0,0.0,0.0,0.0,0.0,0.0,0.0,0.0,0.0,0.0,0.0,0.0,0.0,0.0,0.0,0.0,0.0,0.0
M00202,0.0,0.0,215.0,0.0,0.0,0.0,215.0,0.0,0.0,0.0,215.0,0.0,0.0,0.0,215.0,0.0,0.0,0.0,0.0,215.0,0.0,0.0,0.0,215.0,0.0,0.0,0.0,215.0,0.0,0.0,0.0,215.0,0.0,0.0,0.0,215.0,0.0,0.0,0.0,0.0,0.0,0.0,0.0,0.0,0.0,0.0,215.0,0.0,0.0,215.0,0.0,0.0,0.0,0.0,0.0,0.0,0.0,0.0,0.0,0.0,0.0,0.0,0.0,215.0,0.0,0.0,0.0,0.0,0.0,0.0,0.0,0.0,0.0,0.0,215.0,0.0,0.0,0.0,0.0,0.0,0.0,0.0,0.0,0.0,0.0,215.0,215.0,0.0,0.0,0.0,215.0,0.0,0.0,0.0,215.0,0.0,0.0,0.0,0.0,0.0
M00204,0.0,165.0,0.0,0.0,0.0,0.0,0.0,0.0,0.0,0.0,0.0,0.0,0.0,0.0,0.0,0.0,0.0,0.0,165.0,0.0,0.0,0.0,165.0,0.0,0.0,0.0,0.0,0.0,0.0,0.0,165.0,0.0,0.0,0.0,0.0,0.0,0.0,0.0,0.0,0.0,0.0,0.0,0.0,0.0,0.0,0.0,0.0,0.0,0.0,0.0,0.0,0.0,0.0,0.0,0.0,165.0,0.0,0.0,0.0,0.0,0.0,0.0,0.0,0.0,0.0,0.0,0.0,0.0,0.0,0.0,0.0,0.0,0.0,0.0,0.0,0.0,0.0,0.0,0.0,0.0,0.0,0.0,0.0,0.0,0.0,0.0,0.0,0.0,0.0,0.0,0.0,0.0,0.0,0.0,0.0,0.0,0.0,0.0,0.0,0.0
M00207,0.0,0.0,115.0,0.0,0.0,0.0,115.0,0.0,0.0,0.0,115.0,0.0,0.0,0.0,115.0,0.0,0.0,0.0,0.0,0.0,0.0,0.0,0.0,115.0,0.0,0.0,0.0,115.0,0.0,0.0,0.0,115.0,0.0,0.0,0.0,115.0,0.0,0.0,0.0,0.0,0.0,0.0,0.0,0.0,0.0,0.0,0.0,0.0,0.0,115.0,0.0,0.0,0.0,0.0,0.0,0.0,0.0,0.0,0.0,0.0,0.0,0.0,0.0,115.0,0.0,0.0,0.0,0.0,0.0,0.0,0.0,0.0,0.0,0.0,0.0,0.0,0.0,0.0,0.0,0.0,0.0,0.0,0.0,0.0,0.0,0.0,0.0,0.0,0.0,0.0,0.0,0.0,0.0,0.0,0.0,0.0,0.0,0.0,0.0,0.0
M00208,115.0,0.0,0.0,0.0,115.0,0.0,0.0,0.0,115.0,0.0,0.0,0.0,115.0,0.0,0.0,0.0,0.0,0.0,0.0,0.0,0.0,0.0,0.0,0.0,0.0,0.0,0.0,0.0,0.0,0.0,0.0,0.0,0.0,0.0,0.0,0.0,0.0,0.0,0.0,0.0,0.0,0.0,0.0,0.0,0.0,0.0,0.0,0.0,0.0,0.0,0.0,0.0,0.0,0.0,0.0,0.0,0.0,0.0,0.0,0.0,0.0,0.0,0.0,0.0,0.0,0.0,0.0,0.0,0.0,0.0,0.0,0.0,0.0,0.0,0.0,0.0,0.0,0.0,0.0,0.0,0.0,0.0,0.0,0.0,0.0,0.0,0.0,0.0,0.0,0.0,0.0,0.0,0.0,0.0,0.0,0.0,0.0,0.0,0.0,0.0
M00209,65.0,0.0,0.0,0.0,65.0,0.0,0.0,0.0,65.0,0.0,0.0,0.0,65.0,0.0,0.0,0.0,65.0,0.0,0.0,0.0,0.0,0.0,0.0,0.0,0.0,0.0,0.0,0.0,0.0,65.0,0.0,0.0,0.0,65.0,0.0,0.0,0.0,65.0,0.0,0.0,65.0,0.0,0.0,0.0,65.0,0.0,0.0,65.0,0.0,0.0,0.0,65.0,0.0,0.0,0.0,0.0,0.0,0.0,0.0,0.0,0.0,65.0,0.0,0.0,0.0,0.0,0.0,0.0,0.0,0.0,0.0,0.0,0.0,0.0,0.0,0.0,0.0,0.0,0.0,0.0,0.0,0.0,0.0,0.0,65.0,0.0,0.0,0.0,65.0,0.0,0.0,0.0,65.0,0.0,0.0,0.0,65.0,0.0,0.0,0.0
M00210,115.0,0.0,0.0,0.0,115.0,0.0,0.0,0.0,0.0,0.0,0.0,0.0,115.0,0.0,0.0,0.0,0.0,0.0,0.0,0.0,0.0,0.0,0.0,0.0,0.0,0.0,0.0,0.0,0.0,0.0,0.0,0.0,0.0,115.0,0.0,0.0,0.0,115.0,0.0,0.0,0.0,0.0,0.0,0.0,115.0,0.0,0.0,115.0,0.0,0.0,0.0,115.0,0.0,0.0,0.0,0.0,0.0,0.0,0.0,0.0,0.0,115.0,0.0,0.0,0.0,0.0,0.0,0.0,0.0,0.0,0.0,0.0,0.0,0.0,0.0,0.0,0.0,0.0,0.0,0.0,0.0,0.0,0.0,0.0,0.0,0.0,0.0,0.0,115.0,0.0,0.0,0.0,115.0,0.0,0.0,0.0,0.0,0.0,0.0,115.0
M00211,0.0,165.0,0.0,0.0,0.0,165.0,0.0,0.0,0.0,165.0,0.0,0.0,0.0,0.0,0.0,0.0,0.0,0.0,165.0,0.0,0.0,0.0,165.0,0.0,0.0,0.0,165.0,0.0,0.0,0.0,165.0,0.0,0.0,0.0,165.0,0.0,0.0,0.0,165.0,0.0,0.0,0.0,0.0,0.0,0.0,165.0,0.0,0.0,165.0,0.0,0.0,0.0,0.0,0.0,0.0,165.0,0.0,0.0,0.0,0.0,0.0,0.0,0.0,0.0,0.0,0.0,0.0,0.0,0.0,0.0,0.0,0.0,0.0,0.0,0.0,0.0,0.0,0.0,0.0,0.0,0.0,0.0,0.0,0.0,0.0,0.0,0.0,0.0,0.0,0.0,0.0,0.0,0.0,0.0,0.0,0.0,0.0,0.0,0.0,0.0
M00212,215.0,0.0,0.0,0.0,215.0,0.0,0.0,0.0,215.0,0.0,0.0,0.0,215.0,0.0,0.0,0.0,215.0,0.0,0.0,0.0,0.0,215.0,0.0,0.0,0.0,215.0,0.0,0.0,0.0,215.0,0.0,0.0,0.0,215.0,0.0,0.0,0.0,215.0,0.0,0.0,215.0,0.0,0.0,0.0,215.0,0.0,0.0,215.0,0.0,0.0,0.0,0.0,0.0,0.0,0.0,0.0,0.0,0.0,0.0,0.0,0.0,0.0,0.0,0.0,0.0,0.0,0.0,0.0,0.0,0.0,0.0,0.0,0.0,0.0,0.0,0.0,0.0,0.0,0.0,0.0,0.0,0.0,0.0,0.0,0.0,0.0,0.0,0.0,0.0,0.0,0.0,0.0,0.0,0.0,0.0,0.0,0.0,0.0,0.0,0.0
M00214,0.0,0.0,0.0,0.0,115.0,0.0,0.0,0.0,0.0,0.0,0.0,0.0,0.0,0.0,0.0,0.0,0.0,0.0,0.0,0.0,0.0,0.0,0.0,0.0,0.0,0.0,0.0,0.0,0.0,0.0,0.0,0.0,0.0,0.0,0.0,0.0,0.0,0.0,0.0,0.0,0.0,0.0,0.0,0.0,0.0,0.0,0.0,0.0,0.0,0.0,0.0,0.0,0.0,0.0,0.0,0.0,0.0,0.0,0.0,0.0,0.0,0.0,0.0,0.0,0.0,0.0,0.0,0.0,0.0,0.0,0.0,0.0,0.0,0.0,0.0,0.0,0.0,0.0,0.0,0.0,0.0,0.0,0.0,0.0,0.0,0.0,0.0,0.0,0.0,0.0,0.0,0.0,0.0,0.0,0.0,0.0,0.0,0.0,0.0,0.0
M00215,0.0,0.0,0.0,0.0,65.0,0.0,0.0,0.0,0.0,0.0,0.0,0.0,0.0,0.0,0.0,0.0,0.0,0.0,0.0,0.0,0.0,0.0,0.0,0.0,0.0,0.0,0.0,0.0,0.0,0.0,0.0,0.0,0.0,0.0,0.0,0.0,0.0,0.0,0.0,0.0,0.0,0.0,0.0,0.0,0.0,0.0,0.0,0.0,0.0,0.0,0.0,0.0,0.0,0.0,0.0,0.0,0.0,0.0,0.0,0.0,0.0,0.0,0.0,0.0,0.0,0.0,0.0,0.0,0.0,0.0,0.0,0.0,0.0,0.0,0.0,0.0,0.0,0.0,0.0,0.0,0.0,0.0,0.0,0.0,0.0,0.0,0.0,0.0,0.0,0.0,0.0,0.0,0.0,0.0,0.0,0.0,0.0,0.0,0.0,0.0
M00216,65.0,0.0,0.0,0.0,65.0,0.0,0.0,0.0,65.0,0.0,0.0,0.0,65.0,0.0,0.0,0.0,0.0,0.0,0.0,0.0,0.0,0.0,0.0,0.0,0.0,65.0,0.0,0.0,0.0,0.0,0.0,0.0,0.0,65.0,0.0,0.0,0.0,65.0,0.0,0.0,0.0,0.0,0.0,0.0,65.0,0.0,0.0,65.0,0.0,0.0,0.0,65.0,0.0,0.0,0.0,0.0,0.0,0.0,0.0,0.0,0.0,65.0,0.0,0.0,0.0,0.0,0.0,0.0,0.0,0.0,0.0,0.0,0.0,0.0,0.0,0.0,0.0,0.0,0.0,0.0,0.0,0.0,0.0,0.0,65.0,0.0,0.0,0.0,65.0,0.0,0.0,0.0,65.0,0.0,0.0,0.0,65.0,0.0,0.0,65.0
M00217,515.0,0.0,0.0,0.0,515.0,0.0,0.0,0.0,0.0,0.0,0.0,0.0,0.0,0.0,0.0,0.0,0.0,0.0,0.0,0.0,0.0,0.0,0.0,0.0,0.0,0.0,0.0,0.0,0.0,0.0,0.0,0.0,0.0,0.0,0.0,0.0,0.0,0.0,0.0,0.0,0.0,0.0,0.0,0.0,0.0,0.0,0.0,0.0,0.0,0.0,0.0,515.0,0.0,0.0,0.0,0.0,0.0,0.0,0.0,0.0,0.0,515.0,0.0,0.0,0.0,0.0,0.0,0.0,0.0,0.0,0.0,0.0,515.0,0.0,0.0,0.0,0.0,0.0,0.0,0.0,0.0,0.0,0.0,0.0,515.0,0.0,0.0,0.0,515.0,0.0,0.0,0.0,515.0,0.0,0.0,0.0,515.0,0.0,0.0,515.0
M00218,0.0,65.0,0.0,0.0,0.0,65.0,0.0,0.0,0.0,65.0,0.0,0.0,0.0,0.0,0.0,0.0,0.0,0.0,65.0,0.0,0.0,0.0,0.0,0.0,0.0,0.0,0.0,0.0,0.0,0.0,65.0,0.0,0.0,0.0,65.0,0.0,0.0,0.0,65.0,0.0,0.0,0.0,0.0,0.0,0.0,65.0,0.0,0.0,65.0,0.0,0.0,0.0,0.0,0.0,0.0,65.0,0.0,0.0,0.0,0.0,0.0,0.0,0.0,0.0,0.0,0.0,0.0,0.0,0.0,0.0,0.0,0.0,0.0,0.0,0.0,0.0,0.0,0.0,0.0,0.0,0.0,0.0,0.0,0.0,0.0,0.0,0.0,0.0,0.0,0.0,0.0,0.0,0.0,0.0,0.0,0.0,0.0,0.0,0.0,0.0
M00219,0.0,0.0,115.0,115.0,0.0,0.0,0.0,115.0,0.0,0.0,115.0,115.0,0.0,0.0,0.0,0.0,0.0,0.0,0.0,0.0,115.0,0.0,0.0,0.0,115.0,0.0,0.0,0.0,115.0,0.0,0.0,0.0,115.0,0.0,0.0,0.0,115.0,0.0,0.0,0.0,0.0,0.0,0.0,115.0,0.0,0.0,0.0,115.0,0.0,0.0,0.0,0.0,0.0,0.0,0.0,0.0,0.0,0.0,0.0,0.0,0.0,0.0,0.0,0.0,0.0,0.0,0.0,0.0,0.0,0.0,0.0,0.0,0.0,0.0,0.0,0.0,0.0,0.0,0.0,0.0,0.0,0.0,0.0,0.0,0.0,0.0,0.0,0.0,0.0,0.0,0.0,0.0,0.0,0.0,0.0,0.0,0.0,0.0,0.0,0.0
M00220,0.0,0.0,0.0,0.0,0.0,0.0,0.0,0.0,0.0,0.0,0.0,0.0,0.0,0.0,0.0,0.0,0.0,0.0,0.0,0.0,0.0,0.0,0.0,515.0,0.0,0.0,0.0,0.0,0.0,0.0,0.0,0.0,0.0,0.0,0.0,0.0,0.0,0.0,0.0,0.0,0.0,0.0,0.0,0.0,0.0,0.0,0.0,0.0,0.0,0.0,0.0,0.0,0.0,0.0,0.0,0.0,0.0,0.0,0.0,0.0,0.0,0.0,0.0,0.0,0.0,0.0,0.0,0.0,0.0,0.0,0.0,0.0,0.0,0.0,0.0,0.0,0.0,0.0,0.0,0.0,0.0,0.0,0.0,0.0,0.0,0.0,515.0,0.0,0.0,0.0,0.0,0.0,0.0,0.0,0.0,0.0,0.0,0.0,0.0,0.0
M00221,115.0,0.0,0.0,0.0,115.0,0.0,0.0,0.0,0.0,0.0,0.0,0.0,115.0,0.0,0.0,0.0,115.0,0.0,0.0,0.0,0.0,0.0,0.0,0.0,0.0,0.0,0.0,0.0,0.0,115.0,0.0,0.0,0.0,115.0,0.0,0.0,0.0,115.0,0.0,0.0,0.0,0.0,0.0,0.0,0.0,0.0,0.0,0.0,0.0,0.0,0.0,115.0,0.0,0.0,0.0,0.0,0.0,0.0,0.0,0.0,0.0,115.0,0.0,0.0,0.0,115.0,0.0,0.0,0.0,0.0,0.0,0.0,0.0,0.0,0.0,0.0,0.0,0.0,0.0,0.0,0.0,0.0,0.0,0.0,115.0,0.0,0.0,0.0,115.0,0.0,0.0,0.0,115.0,0.0,0.0,0.0,115.0,0.0,0.0,0.0
M00222,315.0,0.0,0.0,0.0,315.0,0.0,0.0,0.0,315.0,0.0,0.0,0.0,315.0,0.0,0.0,0.0,0.0,0.0,0.0,0.0,0.0,0.0,0.0,0.0,0.0,0.0,0.0,0.0,0.0,315.0,0.0,0.0,0.0,0.0,0.0,0.0,0.0,0.0,0.0,0.0,0.0,0.0,0.0,0.0,0.0,0.0,0.0,0.0,0.0,0.0,0.0,0.0,0.0,0.0,0.0,0.0,0.0,0.0,0.0,0.0,0.0,0.0,0.0,0.0,0.0,0.0,0.0,0.0,0.0,0.0,0.0,0.0,0.0,0.0,0.0,0.0,0.0,0.0,0.0,0.0,0.0,0.0,0.0,0.0,0.0,0.0,0.0,0.0,0.0,0.0,0.0,0.0,0.0,0.0,0.0,0.0,0.0,0.0,0.0,0.0
M00224,0.0,0.0,115.0,0.0,0.0,0.0,115.0,0.0,0.0,0.0,115.0,0.0,0.0,0.0,115.0,0.0,0.0,0.0,0.0,115.0,0.0,0.0,0.0,115.0,0.0,0.0,0.0,115.0,0.0,0.0,0.0,115.0,0.0,0.0,0.0,115.0,0.0,0.0,0.0,0.0,0.0,0.0,0.0,0.0,0.0,0.0,0.0,0.0,0.0,0.0,0.0,0.0,0.0,0.0,0.0,0.0,0.0,0.0,0.0,0.0,0.0,0.0,0.0,115.0,0.0,0.0,0.0,0.0,0.0,0.0,0.0,0.0,0.0,0.0,115.0,0.0,0.0,0.0,0.0,0.0,0.0,0.0,0.0,0.0,0.0,115.0,115.0,0.0,0.0,0.0,115.0,0.0,0.0,0.0,115.0,0.0,0.0,0.0,0.0,0.0
M00225,65.0,0.0,0.0,0.0,65.0,0.0,0.0,0.0,65.0,0.0,0.0,0.0,65.0,0.0,0.0,0.0,65.0,0.0,0.0,0.0,0.0,0.0,0.0,0.0,0.0,0.0,0.0,0.0,0.0,0.0,0.0,0.0,0.0,0.0,0.0,0.0,0.0,0.0,0.0,0.0,0.0,0.0,0.0,0.0,0.0,0.0,0.0,0.0,0.0,0.0,0.0,0.0,0.0,0.0,0.0,0.0,0.0,0.0,0.0,0.0,0.0,0.0,0.0,0.0,0.0,0.0,0.0,0.0,0.0,0.0,0.0,0.0,0.0,0.0,0.0,0.0,0.0,0.0,0.0,0.0,0.0,0.0,0.0,0.0,0.0,0.0,0.0,0.0,0.0,0.0,0.0,0.0,0.0,0.0,0.0,0.0,0.0,0.0,0.0,0.0
M00226,115.0,0.0,0.0,0.0,0.0,0.0,0.0,0.0,0.0,0.0,0.0,0.0,0.0,0.0,0.0,0.0,0.0,0.0,0.0,0.0,0.0,0.0,0.0,0.0,0.0,0.0,0.0,0.0,0.0,0.0,0.0,0.0,0.0,0.0,0.0,0.0,0.0,0.0,0.0,0.0,0.0,0.0,0.0,0.0,115.0,0.0,0.0,0.0,0.0,0.0,0.0,0.0,0.0,0.0,0.0,0.0,0.0,0.0,0.0,0.0,0.0,0.0,0.0,0.0,0.0,0.0,0.0,0.0,0.0,0.0,0.0,0.0,0.0,0.0,0.0,0.0,0.0,0.0,0.0,0.0,0.0,0.0,0.0,0.0,0.0,0.0,0.0,0.0,0.0,0.0,0.0,0.0,0.0,0.0,0.0,0.0,0.0,0.0,0.0,0.0
M00227,0.0,0.0,0.0,0.0,0.0,0.0,215.0,0.0,0.0,0.0,215.0,0.0,0.0,0.0,215.0,0.0,0.0,0.0,0.0,215.0,0.0,0.0,0.0,215.0,0.0,0.0,0.0,215.0,0.0,0.0,0.0,215.0,0.0,0.0,0.0,215.0,0.0,0.0,0.0,0.0,0.0,0.0,0.0,0.0,0.0,0.0,0.0,0.0,0.0,0.0,0.0,0.0,0.0,0.0,0.0,0.0,0.0,0.0,0.0,0.0,0.0,0.0,0.0,0.0,0.0,0.0,0.0,0.0,0.0,0.0,0.0,0.0,0.0,0.0,0.0,0.0,0.0,0.0,0.0,0.0,0.0,0.0,0.0,0.0,0.0,215.0,215.0,0.0,0.0,0.0,0.0,0.0,0.0,0.0,0.0,0.0,0.0,0.0,0.0,0.0
M00228,0.0,0.0,65.0,0.0,0.0,0.0,65.0,0.0,0.0,0.0,65.0,0.0,0.0,0.0,65.0,0.0,0.0,0.0,0.0,0.0,0.0,0.0,0.0,65.0,0.0,0.0,0.0,65.0,0.0,0.0,0.0,65.0,0.0,0.0,0.0,65.0,0.0,0.0,0.0,0.0,0.0,0.0,0.0,0.0,0.0,0.0,65.0,0.0,0.0,65.0,0.0,0.0,0.0,0.0,0.0,0.0,0.0,0.0,0.0,0.0,0.0,0.0,0.0,65.0,0.0,0.0,0.0,0.0,0.0,0.0,0.0,0.0,0.0,0.0,65.0,0.0,0.0,0.0,0.0,0.0,0.0,0.0,0.0,0.0,0.0,65.0,65.0,0.0,0.0,0.0,65.0,0.0,0.0,0.0,65.0,0.0,0.0,0.0,0.0,0.0
M00230,0.0,115.0,0.0,0.0,0.0,115.0,0.0,0.0,0.0,0.0,0.0,0.0,0.0,0.0,0.0,0.0,0.0,0.0,115.0,0.0,0.0,0.0,115.0,0.0,0.0,0.0,115.0,0.0,0.0,0.0,115.0,0.0,0.0,0.0,115.0,0.0,0.0,0.0,115.0,0.0,0.0,0.0,0.0,0.0,0.0,115.0,0.0,0.0,115.0,0.0,0.0,0.0,0.0,0.0,0.0,115.0,0.0,0.0,0.0,0.0,0.0,0.0,0.0,0.0,0.0,0.0,0.0,0.0,0.0,0.0,0.0,0.0,0.0,0.0,0.0,0.0,0.0,0.0,0.0,0.0,0.0,0.0,0.0,0.0,0.0,0.0,0.0,0.0,0.0,0.0,0.0,0.0,0.0,0.0,0.0,0.0,0.0,0.0,0.0,0.0
M00231,0.0,115.0,0.0,0.0,0.0,115.0,0.0,0.0,0.0,115.0,0.0,0.0,0.0,0.0,0.0,0.0,0.0,0.0,0.0,0.0,0.0,0.0,0.0,0.0,0.0,0.0,0.0,0.0,0.0,0.0,0.0,0.0,0.0,0.0,0.0,0.0,0.0,0.0,0.0,0.0,0.0,0.0,0.0,0.0,0.0,0.0,0.0,0.0,0.0,0.0,0.0,0.0,0.0,0.0,0.0,0.0,0.0,0.0,0.0,0.0,0.0,0.0,0.0,0.0,0.0,0.0,0.0,0.0,0.0,0.0,0.0,0.0,0.0,0.0,0.0,0.0,0.0,0.0,0.0,0.0,0.0,0.0,0.0,0.0,0.0,0.0,0.0,0.0,0.0,0.0,0.0,0.0,0.0,0.0,0.0,0.0,0.0,0.0,0.0,0.0
M00232,115.0,0.0,0.0,0.0,115.0,0.0,0.0,0.0,115.0,0.0,0.0,0.0,115.0,0.0,0.0,0.0,115.0,0.0,0.0,0.0,0.0,115.0,0.0,0.0,0.0,115.0,0.0,0.0,0.0,0.0,0.0,0.0,0.0,0.0,0.0,0.0,0.0,0.0,0.0,0.0,0.0,0.0,0.0,0.0,0.0,0.0,0.0,0.0,0.0,0.0,0.0,0.0,0.0,0.0,0.0,0.0,0.0,0.0,0.0,0.0,0.0,115.0,0.0,0.0,0.0,0.0,0.0,0.0,0.0,0.0,0.0,0.0,0.0,0.0,0.0,0.0,0.0,0.0,0.0,0.0,0.0,0.0,0.0,0.0,115.0,0.0,0.0,0.0,115.0,0.0,0.0,0.0,115.0,0.0,0.0,0.0,115.0,0.0,0.0,115.0
M00233,0.0,0.0,65.0,0.0,0.0,0.0,65.0,0.0,0.0,0.0,65.0,0.0,0.0,0.0,65.0,0.0,0.0,0.0,0.0,0.0,0.0,0.0,0.0,65.0,0.0,0.0,0.0,65.0,0.0,0.0,0.0,65.0,0.0,0.0,0.0,65.0,0.0,0.0,0.0,0.0,0.0,0.0,0.0,0.0,0.0,0.0,65.0,0.0,0.0,65.0,0.0,0.0,0.0,0.0,0.0,0.0,0.0,0.0,0.0,0.0,0.0,0.0,0.0,65.0,0.0,0.0,0.0,0.0,0.0,0.0,0.0,0.0,0.0,0.0,65.0,0.0,0.0,0.0,0.0,0.0,0.0,0.0,0.0,0.0,0.0,65.0,65.0,0.0,0.0,0.0,65.0,0.0,0.0,0.0,65.0,0.0,0.0,0.0,0.0,0.0
M00234,0.0,0.0,0.0,0.0,0.0,0.0,0.0,0.0,115.0,0.0,0.0,0.0,115.0,0.0,0.0,0.0,0.0,0.0,0.0,0.0,0.0,115.0,0.0,0.0,0.0,0.0,0.0,0.0,0.0,0.0,0.0,0.0,0.0,0.0,0.0,0.0,0.0,0.0,0.0,0.0,0.0,0.0,0.0,0.0,0.0,0.0,0.0,0.0,0.0,0.0,0.0,0.0,0.0,0.0,0.0,0.0,0.0,0.0,0.0,0.0,0.0,0.0,0.0,0.0,0.0,0.0,0.0,0.0,0.0,0.0,0.0,0.0,0.0,0.0,0.0,0.0,0.0,0.0,0.0,0.0,0.0,0.0,0.0,0.0,0.0,0.0,0.0,0.0,0.0,0.0,0.0,0.0,0.0,0.0,0.0,0.0,115.0,0.0,0.0,115.0
M00235,65.0,0.0,0.0,0.0,65.0,0.0,0.0,0.0,65.0,0.0,0.0,0.0,65.0,0.0,0.0,0.0,65.0,0.0,0.0,0.0,0.0,0.0,0.0,0.0,0.0,0.0,0.0,0.0,0.0,0.0,0.0,0.0,0.0,0.0,0.0,0.0,0.0,65.0,0.0,0.0,0.0,0.0,0.0,0.0,65.0,0.0,0.0,65.0,0.0,0.0,0.0,0.0,0.0,0.0,0.0,0.0,0.0,0.0,0.0,0.0,0.0,0.0,0.0,0.0,0.0,0.0,0.0,0.0,0.0,0.0,0.0,0.0,0.0,0.0,0.0,0.0,0.0,0.0,0.0,0.0,0.0,0.0,0.0,0.0,65.0,0.0,0.0,0.0,65.0,0.0,0.0,0.0,65.0,0.0,0.0,0.0,65.0,0.0,0.0,65.0
M00236,215.0,0.0,0.0,0.0,215.0,0.0,0.0,0.0,215.0,0.0,0.0,0.0,215.0,0.0,0.0,0.0,215.0,0.0,0.0,0.0,0.0,215.0,0.0,0.0,0.0,215.0,0.0,0.0,0.0,215.0,0.0,0.0,0.0,215.0,0.0,0.0,0.0,215.0,0.0,0.0,0.0,0.0,0.0,0.0,215.0,0.0,0.0,215.0,0.0,0.0,0.0,215.0,0.0,0.0,0.0,0.0,0.0,0.0,0.0,0.0,0.0,215.0,0.0,0.0,0.0,0.0,0.0,0.0,0.0,0.0,0.0,0.0,0.0,0.0,0.0,0.0,0.0,0.0,0.0,0.0,0.0,0.0,0.0,0.0,215.0,0.0,0.0,0.0,215.0,0.0,0.0,0.0,215.0,0.0,0.0,0.0,215.0,0.0,0.0,215.0
M00237,265.0,0.0,0.0,0.0,265.0,0.0,0.0,0.0,265.0,0.0,0.0,0.0,265.0,0.0,0.0,0.0,265.0,0.0,0.0,0.0,0.0,265.0,0.0,0.0,0.0,265.0,0.0,0.0,0.0,265.0,0.0,0.0,0.0,265.0,0.0,0.0,0.0,265.0,0.0,0.0,265.0,0.0,0.0,0.0,265.0,0.0,0.0,265.0,0.0,0.0,0.0,265.0,0.0,0.0,0.0,0.0,0.0,0.0,0.0,0.0,0.0,265.0,0.0,0.0,0.0,0.0,0.0,0.0,0.0,0.0,0.0,0.0,0.0,0.0,0.0,0.0,0.0,0.0,265.0,0.0,0.0,0.0,0.0,0.0,265.0,0.0,0.0,0.0,265.0,0.0,0.0,0.0,265.0,0.0,0.0,0.0,265.0,0.0,0.0,265.0
M00238,0.0,0.0,215.0,0.0,0.0,0.0,215.0,0.0,0.0,0.0,215.0,0.0,0.0,0.0,215.0,0.0,0.0,0.0,0.0,215.0,0.0,0.0,0.0,215.0,0.0,0.0,0.0,215.0,0.0,0.0,0.0,215.0,0.0,0.0,0.0,215.0,0.0,0.0,0.0,0.0,0.0,0.0,0.0,0.0,0.0,0.0,215.0,0.0,0.0,215.0,0.0,0.0,0.0,0.0,0.0,0.0,0.0,0.0,0.0,0.0,0.0,0.0,0.0,215.0,0.0,0.0,0.0,0.0,0.0,0.0,0.0,0.0,0.0,0.0,215.0,0.0,0.0,0.0,0.0,0.0,0.0,0.0,0.0,0.0,0.0,215.0,215.0,0.0,0.0,0.0,215.0,0.0,0.0,0.0,215.0,0.0,0.0,0.0,0.0,0.0
M00240,65.0,0.0,0.0,0.0,65.0,0.0,0.0,0.0,65.0,0.0,0.0,0.0,65.0,0.0,0.0,0.0,65.0,0.0,0.0,0.0,0.0,65.0,0.0,0.0,0.0,65.0,0.0,0.0,0.0,65.0,0.0,0.0,0.0,65.0,0.0,0.0,0.0,65.0,0.0,0.0,65.0,0.0,0.0,0.0,65.0,0.0,0.0,65.0,0.0,0.0,0.0,65.0,0.0,0.0,0.0,0.0,0.0,0.0,0.0,0.0,0.0,65.0,0.0,0.0,0.0,0.0,0.0,0.0,0.0,0.0,0.0,0.0,0.0,0.0,0.0,0.0,0.0,0.0,0.0,0.0,0.0,0.0,0.0,0.0,65.0,0.0,0.0,0.0,65.0,0.0,0.0,0.0,65.0,0.0,0.0,0.0,65.0,0.0,0.0,65.0
M00241,265.0,0.0,0.0,0.0,265.0,0.0,0.0,0.0,0.0,0.0,0.0,0.0,265.0,0.0,0.0,0.0,0.0,0.0,0.0,0.0,0.0,0.0,0.0,0.0,0.0,0.0,0.0,0.0,0.0,0.0,0.0,0.0,0.0,0.0,0.0,0.0,0.0,0.0,0.0,0.0,0.0,0.0,0.0,0.0,0.0,0.0,0.0,0.0,0.0,0.0,0.0,0.0,0.0,0.0,0.0,0.0,0.0,0.0,0.0,0.0,0.0,0.0,0.0,0.0,0.0,0.0,0.0,0.0,0.0,0.0,0.0,0.0,0.0,0.0,0.0,0.0,0.0,0.0,0.0,0.0,0.0,0.0,0.0,0.0,0.0,0.0,0.0,0.0,0.0,0.0,0.0,0.0,0.0,0.0,0.0,0.0,0.0,0.0,0.0,0.0
M00242,0.0,265.0,0.0,0.0,0.0,265.0,0.0,0.0,0.0,265.0,0.0,0.0,0.0,0.0,0.0,0.0,0.0,0.0,265.0,0.0,0.0,0.0,265.0,0.0,0.0,0.0,265.0,0.0,0.0,0.0,265.0,0.0,0.0,0.0,265.0,0.0,0.0,0.0,265.0,0.0,0.0,0.0,0.0,0.0,0.0,265.0,0.0,0.0,265.0,0.0,0.0,0.0,0.0,0.0,0.0,265.0,0.0,0.0,0.0,0.0,0.0,0.0,0.0,0.0,0.0,0.0,0.0,0.0,0.0,0.0,0.0,0.0,0.0,0.0,0.0,0.0,0.0,0.0,0.0,0.0,0.0,0.0,0.0,0.0,0.0,0.0,0.0,0.0,0.0,0.0,0.0,0.0,0.0,0.0,0.0,0.0,0.0,0.0,0.0,0.0
M00243,215.0,0.0,0.0,0.0,215.0,0.0,0.0,0.0,215.0,0.0,0.0,0.0,215.0,0.0,0.0,0.0,0.0,0.0,0.0,0.0,0.0,0.0,0.0,0.0,0.0,215.0,0.0,0.0,0.0,0.0,0.0,0.0,0.0,215.0,0.0,0.0,0.0,215.0,0.0,0.0,0.0,0.0,0.0,0.0,215.0,0.0,0.0,215.0,0.0,0.0,0.0,215.0,0.0,0.0,0.0,0.0,0.0,0.0,0.0,0.0,0.0,215.0,0.0,0.0,0.0,0.0,0.0,0.0,0.0,0.0,0.0,0.0,0.0,0.0,0.0,0.0,0.0,0.0,0.0,0.0,0.0,0.0,0.0,0.0,215.0,0.0,0.0,0.0,215.0,0.0,0.0,0.0,215.0,0.0,0.0,0.0,0.0,0.0,0.0,215.0
M00244,0.0,0.0,215.0,0.0,0.0,0.0,215.0,0.0,0.0,0.0,215.0,0.0,0.0,0.0,215.0,0.0,0.0,0.0,0.0,215.0,0.0,0.0,0.0,215.0,0.0,0.0,0.0,215.0,0.0,0.0,0.0,215.0,0.0,0.0,0.0,215.0,0.0,0.0,0.0,0.0,0.0,0.0,0.0,0.0,0.0,0.0,215.0,0.0,0.0,215.0,0.0,0.0,0.0,0.0,0.0,0.0,0.0,0.0,0.0,0.0,0.0,0.0,0.0,215.0,0.0,0.0,0.0,0.0,0.0,0.0,0.0,0.0,0.0,0.0,215.0,0.0,0.0,0.0,0.0,0.0,0.0,0.0,0.0,0.0,0.0,215.0,215.0,0.0,0.0,0.0,215.0,0.0,0.0,0.0,215.0,0.0,0.0,0.0,0.0,0.0
M00245,0.0,115.0,0.0,0.0,0.0,115.0,0.0,0.0,0.0,0.0,0.0,0.0,0.0,0.0,0.0,0.0,0.0,0.0,115.0,0.0,0.0,0.0,115.0,0.0,0.0,0.0,0.0,0.0,0.0,0.0,115.0,0.0,0.0,0.0,115.0,0.0,0.0,0.0,115.0,0.0,0.0,0.0,0.0,0.0,0.0,0.0,0.0,0.0,115.0,0.0,0.0,0.0,0.0,0.0,0.0,115.0,0.0,0.0,0.0,0.0,0.0,0.0,0.0,0.0,0.0,0.0,0.0,0.0,0.0,0.0,0.0,0.0,0.0,0.0,0.0,0.0,0.0,0.0,0.0,0.0,0.0,0.0,0.0,0.0,0.0,0.0,0.0,0.0,0.0,0.0,0.0,0.0,0.0,0.0,0.0,0.0,0.0,0.0,0.0,0.0
M00246,215.0,0.0,0.0,0.0,215.0,0.0,0.0,0.0,215.0,0.0,0.0,0.0,215.0,0.0,0.0,0.0,0.0,0.0,0.0,0.0,0.0,0.0,0.0,0.0,0.0,0.0,0.0,0.0,0.0,0.0,0.0,0.0,0.0,0.0,0.0,0.0,0.0,0.0,0.0,0.0,0.0,0.0,0.0,0.0,0.0,0.0,0.0,0.0,0.0,0.0,0.0,0.0,0.0,0.0,0.0,0.0,0.0,0.0,0.0,0.0,0.0,0.0,0.0,0.0,0.0,0.0,0.0,0.0,0.0,0.0,0.0,0.0,0.0,0.0,0.0,0.0,0.0,0.0,0.0,0.0,0.0,0.0,0.0,0.0,0.0,0.0,0.0,0.0,0.0,0.0,0.0,0.0,0.0,0.0,0.0,0.0,0.0,0.0,0.0,0.0
M00248,0.0,0.0,115.0,0.0,0.0,0.0,115.0,0.0,0.0,0.0,115.0,0.0,0.0,0.0,115.0,0.0,0.0,0.0,0.0,0.0,0.0,0.0,0.0,115.0,0.0,0.0,0.0,115.0,0.0,0.0,0.0,115.0,0.0,0.0,0.0,115.0,0.0,0.0,0.0,0.0,0.0,0.0,0.0,0.0,0.0,0.0,0.0,0.0,0.0,115.0,0.0,0.0,0.0,0.0,0.0,0.0,0.0,0.0,0.0,0.0,0.0,0.0,0.0,115.0,0.0,0.0,0.0,0.0,0.0,0.0,0.0,0.0,0.0,0.0,0.0,0.0,0.0,0.0,0.0,0.0,0.0,0.0,0.0,0.0,0.0,0.0,0.0,0.0,0.0,0.0,0.0,0.0,0.0,0.0,0.0,0.0,0.0,0.0,0.0,0.0
M00249,0.0,0.0,215.0,0.0,0.0,0.0,215.0,0.0,0.0,0.0,215.0,0.0,0.0,0.0,215.0,0.0,0.0,0.0,0.0,215.0,0.0,0.0,0.0,215.0,0.0,0.0,0.0,215.0,0.0,0.0,0.0,215.0,0.0,0.0,0.0,215.0,0.0,0.0,0.0,0.0,0.0,0.0,0.0,0.0,0.0,0.0,215.0,0.0,0.0,215.0,0.0,0.0,0.0,0.0,0.0,0.0,0.0,0.0,0.0,0.0,0.0,0.0,0.0,215.0,0.0,0.0,0.0,0.0,0.0,0.0,0.0,0.0,0.0,0.0,215.0,0.0,0.0,0.0,0.0,0.0,0.0,0.0,0.0,0.0,0.0,215.0,215.0,0.0,0.0,0.0,215.0,0.0,0.0,0.0,215.0,0.0,0.0,0.0,0.0,0.0
M00250,0.0,0.0,0.0,0.0,0.0,0.0,0.0,0.0,0.0,0.0,0.0,0.0,0.0,0.0,0.0,0.0,0.0,0.0,0.0,0.0,0.0,0.0,0.0,0.0,0.0,0.0,0.0,0.0,0.0,0.0,0.0,0.0,0.0,0.0,0.0,0.0,0.0,0.0,0.0,0.0,0.0,0.0,0.0,0.0,0.0,0.0,0.0,0.0,0.0,0.0,0.0,0.0,0.0,0.0,0.0,0.0,0.0,0.0,0.0,0.0,0.0,0.0,0.0,0.0,0.0,0.0,0.0,0.0,0.0,0.0,0.0,0.0,0.0,0.0,0.0,0.0,0.0,0.0,0.0,0.0,0.0,0.0,0.0,0.0,0.0,0.0,0.0,0.0,0.0,0.0,0.0,0.0,0.0,0.0,0.0,0.0,265.0,0.0,0.0,0.0
M00251,65.0,0.0,0.0,0.0,65.0,0.0,0.0,0.0,65.0,0.0,0.0,0.0,65.0,0.0,0.0,0.0,65.0,0.0,0.0,0.0,0.0,65.0,0.0,0.0,0.0,65.0,0.0,0.0,0.0,65.0,0.0,0.0,0.0,65.0,0.0,0.0,0.0,65.0,0.0,0.0,65.0,0.0,0.0,0.0,65.0,0.0,0.0,65.0,0.0,0.0,0.0,65.0,0.0,0.0,0.0,0.0,0.0,0.0,0.0,0.0,0.0,65.0,0.0,0.0,0.0,0.0,0.0,0.0,0.0,0.0,0.0,0.0,0.0,0.0,0.0,0.0,0.0,0.0,0.0,0.0,0.0,0.0,0.0,0.0,0.0,0.0,0.0,0.0,0.0,0.0,0.0,0.0,0.0,0.0,0.0,0.0,0.0,0.0,0.0,0.0
M00253,0.0,0.0,0.0,0.0,0.0,0.0,0.0,0.0,0.0,0.0,0.0,0.0,0.0,0.0,0.0,0.0,0.0,0.0,0.0,0.0,0.0,0.0,0.0,0.0,0.0,0.0,0.0,0.0,0.0,0.0,0.0,0.0,0.0,115.0,0.0,0.0,0.0,115.0,0.0,0.0,0.0,0.0,0.0,0.0,0.0,0.0,0.0,0.0,0.0,0.0,0.0,0.0,0.0,0.0,0.0,0.0,0.0,0.0,0.0,0.0,0.0,0.0,0.0,0.0,0.0,0.0,0.0,0.0,0.0,0.0,0.0,0.0,0.0,0.0,0.0,0.0,0.0,0.0,0.0,0.0,0.0,0.0,0.0,0.0,0.0,0.0,0.0,0.0,0.0,0.0,0.0,0.0,0.0,0.0,0.0,0.0,0.0,0.0,0.0,0.0
M00254,0.0,0.0,0.0,0.0,0.0,0.0,0.0,0.0,0.0,0.0,0.0,0.0,0.0,0.0,0.0,0.0,0.0,0.0,0.0,0.0,0.0,0.0,0.0,0.0,0.0,0.0,0.0,0.0,0.0,0.0,0.0,0.0,0.0,115.0,0.0,0.0,0.0,115.0,0.0,0.0,0.0,0.0,0.0,0.0,0.0,0.0,0.0,0.0,0.0,0.0,0.0,0.0,0.0,0.0,0.0,0.0,0.0,0.0,0.0,0.0,0.0,0.0,0.0,0.0,0.0,0.0,0.0,0.0,0.0,0.0,0.0,0.0,0.0,0.0,0.0,0.0,0.0,0.0,0.0,0.0,0.0,0.0,0.0,0.0,0.0,0.0,0.0,0.0,0.0,0.0,0.0,0.0,0.0,0.0,0.0,0.0,0.0,0.0,0.0,0.0
M00255,65.0,0.0,0.0,0.0,65.0,0.0,0.0,0.0,65.0,0.0,0.0,0.0,65.0,0.0,0.0,0.0,0.0,0.0,0.0,0.0,0.0,0.0,0.0,0.0,0.0,0.0,0.0,0.0,0.0,0.0,0.0,0.0,0.0,0.0,0.0,0.0,0.0,0.0,0.0,0.0,0.0,0.0,0.0,0.0,0.0,0.0,0.0,0.0,0.0,0.0,0.0,0.0,0.0,0.0,0.0,0.0,0.0,0.0,0.0,0.0,0.0,0.0,0.0,0.0,0.0,0.0,0.0,0.0,0.0,0.0,0.0,0.0,0.0,0.0,0.0,0.0,0.0,0.0,0.0,0.0,0.0,0.0,0.0,0.0,0.0,0.0,0.0,0.0,0.0,0.0,0.0,0.0,0.0,0.0,0.0,0.0,0.0,0.0,0.0,0.0
M00256,115.0,0.0,115.0,0.0,0.0,0.0,115.0,0.0,0.0,0.0,115.0,0.0,0.0,0.0,115.0,0.0,0.0,0.0,0.0,115.0,0.0,0.0,0.0,115.0,0.0,0.0,0.0,0.0,0.0,0.0,0.0,0.0,0.0,0.0,0.0,115.0,0.0,0.0,0.0,0.0,0.0,0.0,0.0,0.0,0.0,0.0,0.0,0.0,0.0,115.0,0.0,0.0,0.0,0.0,0.0,0.0,0.0,0.0,0.0,0.0,0.0,0.0,0.0,0.0,0.0,0.0,0.0,0.0,0.0,0.0,0.0,0.0,0.0,0.0,115.0,0.0,0.0,0.0,0.0,0.0,0.0,0.0,0.0,0.0,0.0,0.0,0.0,0.0,0.0,0.0,115.0,0.0,0.0,0.0,0.0,0.0,0.0,0.0,0.0,0.0
M00258,0.0,0.0,65.0,0.0,0.0,0.0,65.0,0.0,0.0,0.0,65.0,0.0,0.0,0.0,65.0,0.0,0.0,0.0,0.0,65.0,0.0,0.0,0.0,65.0,0.0,0.0,0.0,65.0,0.0,0.0,0.0,65.0,0.0,0.0,0.0,65.0,0.0,0.0,0.0,0.0,0.0,0.0,0.0,0.0,0.0,0.0,65.0,0.0,0.0,65.0,0.0,0.0,0.0,0.0,0.0,0.0,0.0,0.0,0.0,0.0,0.0,0.0,0.0,65.0,0.0,0.0,0.0,0.0,0.0,0.0,0.0,0.0,0.0,0.0,65.0,0.0,0.0,0.0,0.0,0.0,0.0,0.0,0.0,0.0,0.0,65.0,65.0,0.0,0.0,0.0,65.0,0.0,0.0,0.0,65.0,0.0,0.0,0.0,0.0,0.0
M00260,0.0,0.0,315.0,0.0,0.0,0.0,315.0,0.0,0.0,0.0,315.0,0.0,0.0,0.0,315.0,0.0,0.0,0.0,0.0,315.0,0.0,0.0,0.0,315.0,0.0,0.0,0.0,315.0,0.0,0.0,0.0,315.0,0.0,0.0,0.0,315.0,0.0,0.0,0.0,0.0,0.0,0.0,0.0,0.0,0.0,0.0,315.0,0.0,0.0,315.0,0.0,0.0,0.0,0.0,0.0,0.0,0.0,0.0,0.0,0.0,0.0,0.0,0.0,315.0,0.0,0.0,0.0,0.0,0.0,0.0,0.0,0.0,0.0,0.0,315.0,0.0,0.0,0.0,0.0,0.0,0.0,0.0,0.0,0.0,0.0,315.0,315.0,0.0,0.0,0.0,315.0,0.0,0.0,0.0,315.0,0.0,0.0,0.0,0.0,0.0
M00262,0.0,0.0,215.0,0.0,0.0,0.0,215.0,0.0,0.0,0.0,215.0,0.0,0.0,0.0,215.0,0.0,0.0,0.0,0.0,215.0,0.0,0.0,0.0,215.0,0.0,0.0,0.0,215.0,0.0,0.0,0.0,215.0,0.0,0.0,0.0,215.0,0.0,0.0,0.0,0.0,0.0,0.0,0.0,0.0,0.0,0.0,215.0,0.0,0.0,215.0,0.0,0.0,0.0,0.0,0.0,0.0,0.0,0.0,0.0,0.0,0.0,0.0,0.0,215.0,0.0,0.0,0.0,0.0,0.0,0.0,0.0,0.0,0.0,0.0,0.0,0.0,0.0,0.0,0.0,0.0,0.0,0.0,0.0,0.0,0.0,0.0,0.0,0.0,0.0,0.0,0.0,0.0,0.0,0.0,0.0,0.0,0.0,0.0,0.0,0.0
M00264,0.0,65.0,0.0,0.0,0.0,65.0,0.0,0.0,0.0,0.0,0.0,0.0,0.0,0.0,0.0,0.0,0.0,0.0,0.0,0.0,0.0,0.0,65.0,0.0,0.0,0.0,65.0,0.0,0.0,0.0,65.0,0.0,0.0,0.0,65.0,0.0,0.0,0.0,65.0,0.0,0.0,0.0,0.0,0.0,0.0,65.0,0.0,0.0,65.0,0.0,0.0,0.0,0.0,0.0,0.0,65.0,0.0,0.0,0.0,0.0,0.0,0.0,0.0,0.0,0.0,0.0,0.0,0.0,0.0,0.0,0.0,0.0,0.0,0.0,0.0,0.0,0.0,0.0,0.0,0.0,0.0,0.0,0.0,0.0,0.0,0.0,0.0,0.0,0.0,0.0,0.0,0.0,0.0,0.0,0.0,0.0,0.0,0.0,0.0,0.0
M00265,0.0,0.0,0.0,0.0,0.0,115.0,0.0,0.0,0.0,0.0,0.0,0.0,0.0,0.0,0.0,0.0,0.0,0.0,0.0,0.0,0.0,0.0,0.0,0.0,0.0,0.0,0.0,0.0,0.0,0.0,0.0,0.0,0.0,0.0,115.0,0.0,0.0,0.0,0.0,0.0,0.0,0.0,0.0,0.0,0.0,0.0,0.0,0.0,0.0,0.0,0.0,0.0,0.0,0.0,0.0,0.0,0.0,0.0,0.0,0.0,0.0,0.0,0.0,0.0,0.0,0.0,0.0,0.0,0.0,0.0,0.0,0.0,0.0,0.0,0.0,0.0,0.0,0.0,0.0,0.0,0.0,0.0,0.0,0.0,0.0,0.0,0.0,0.0,0.0,0.0,0.0,0.0,0.0,0.0,0.0,0.0,0.0,0.0,0.0,0.0
M0029,0.0,0.0,115.0,0.0,0.0,0.0,115.0,0.0,0.0,0.0,115.0,0.0,0.0,0.0,0.0,0.0,0.0,0.0,0.0,115.0,0.0,0.0,0.0,115.0,0.0,0.0,0.0,115.0,0.0,0.0,0.0,115.0,0.0,0.0,0.0,115.0,0.0,0.0,0.0,0.0,0.0,0.0,0.0,0.0,0.0,0.0,115.0,0.0,0.0,115.0,0.0,0.0,0.0,0.0,0.0,0.0,0.0,0.0,0.0,0.0,0.0,0.0,0.0,115.0,0.0,0.0,0.0,0.0,0.0,0.0,0.0,0.0,0.0,0.0,0.0,0.0,0.0,0.0,0.0,0.0,0.0,0.0,0.0,0.0,0.0,0.0,0.0,0.0,0.0,0.0,0.0,0.0,0.0,0.0,0.0,0.0,0.0,0.0,0.0,0.0
M003,115.0,0.0,0.0,0.0,115.0,0.0,0.0,0.0,115.0,0.0,0.0,0.0,115.0,0.0,0.0,0.0,115.0,0.0,0.0,0.0,0.0,115.0,0.0,0.0,0.0,115.0,0.0,0.0,0.0,115.0,0.0,0.0,0.0,115.0,0.0,0.0,0.0,115.0,0.0,0.0,115.0,0.0,0.0,0.0,115.0,0.0,0.0,115.0,0.0,0.0,0.0,115.0,0.0,0.0,115.0,0.0,0.0,0.0,115.0,0.0,0.0,115.0,0.0,0.0,0.0,115.0,0.0,0.0,115.0,0.0,0.0,0.0,115.0,0.0,0.0,0.0,115.0,0.0,115.0,0.0,0.0,115.0,0.0,0.0,115.0,0.0,0.0,0.0,115.0,0.0,0.0,0.0,115.0,0.0,0.0,0.0,115.0,0.0,0.0,115.0
M0035,0.0,0.0,115.0,0.0,0.0,0.0,115.0,0.0,0.0,0.0,115.0,0.0,0.0,0.0,115.0,0.0,0.0,0.0,0.0,115.0,0.0,0.0,0.0,115.0,0.0,0.0,0.0,115.0,0.0,0.0,0.0,115.0,0.0,0.0,0.0,115.0,0.0,0.0,0.0,0.0,0.0,0.0,0.0,0.0,0.0,0.0,115.0,0.0,0.0,0.0,0.0,0.0,0.0,0.0,0.0,0.0,115.0,0.0,0.0,0.0,115.0,0.0,0.0,115.0,0.0,0.0,0.0,115.0,0.0,0.0,115.0,0.0,0.0,0.0,0.0,0.0,0.0,115.0,0.0,0.0,115.0,0.0,115.0,0.0,0.0,115.0,115.0,0.0,0.0,0.0,115.0,0.0,0.0,0.0,115.0,0.0,0.0,0.0,0.0,0.0
M004,415.0,0.0,0.0,0.0,415.0,0.0,0.0,0.0,415.0,0.0,0.0,0.0,215.0,0.0,0.0,0.0,0.0,0.0,0.0,0.0,0.0,215.0,0.0,0.0,0.0,215.0,0.0,0.0,0.0,215.0,0.0,0.0,0.0,215.0,0.0,0.0,0.0,0.0,0.0,0.0,0.0,0.0,0.0,0.0,0.0,0.0,0.0,0.0,0.0,0.0,0.0,215.0,0.0,0.0,0.0,0.0,0.0,0.0,0.0,0.0,0.0,0.0,0.0,0.0,0.0,0.0,0.0,0.0,0.0,0.0,0.0,0.0,0.0,0.0,0.0,0.0,0.0,0.0,0.0,0.0,0.0,0.0,0.0,0.0,0.0,0.0,0.0,0.0,0.0,0.0,0.0,0.0,0.0,0.0,0.0,0.0,0.0,0.0,0.0,0.0
M005,0.0,0.0,115.0,0.0,0.0,0.0,115.0,0.0,0.0,0.0,115.0,0.0,0.0,0.0,115.0,0.0,0.0,0.0,0.0,115.0,0.0,0.0,0.0,115.0,0.0,0.0,0.0,115.0,0.0,0.0,0.0,115.0,0.0,0.0,0.0,115.0,0.0,0.0,0.0,115.0,0.0,0.0,115.0,0.0,0.0,0.0,115.0,0.0,0.0,115.0,0.0,0.0,0.0,115.0,0.0,0.0,115.0,0.0,0.0,0.0,115.0,0.0,0.0,0.0,0.0,0.0,0.0,0.0,0.0,0.0,0.0,0.0,0.0,0.0,0.0,0.0,0.0,0.0,0.0,0.0,0.0,0.0,115.0,0.0,0.0,0.0,115.0,0.0,0.0,0.0,0.0,0.0,0.0,0.0,0.0,0.0,0.0,0.0,0.0,0.0
M006,65.0,0.0,0.0,0.0,65.0,0.0,0.0,0.0,65.0,0.0,0.0,0.0,65.0,0.0,0.0,0.0,65.0,0.0,0.0,0.0,0.0,65.0,0.0,0.0,0.0,65.0,0.0,0.0,0.0,65.0,0.0,0.0,0.0,65.0,0.0,0.0,0.0,65.0,0.0,0.0,65.0,0.0,0.0,0.0,65.0,0.0,0.0,65.0,0.0,0.0,0.0,65.0,0.0,0.0,65.0,0.0,0.0,0.0,0.0,0.0,0.0,65.0,0.0,0.0,0.0,65.0,0.0,0.0,65.0,0.0,0.0,0.0,65.0,0.0,0.0,0.0,65.0,0.0,65.0,0.0,0.0,65.0,0.0,0.0,65.0,0.0,0.0,0.0,65.0,0.0,0.0,0.0,65.0,0.0,0.0,0.0,65.0,0.0,0.0,65.0
M007,265.0,0.0,0.0,0.0,265.0,0.0,0.0,0.0,265.0,0.0,0.0,0.0,265.0,0.0,0.0,0.0,265.0,0.0,0.0,0.0,0.0,265.0,0.0,0.0,0.0,265.0,0.0,0.0,0.0,265.0,0.0,0.0,0.0,265.0,0.0,0.0,0.0,265.0,0.0,0.0,0.0,0.0,0.0,0.0,265.0,0.0,0.0,265.0,0.0,0.0,0.0,265.0,0.0,0.0,265.0,0.0,0.0,0.0,265.0,0.0,0.0,265.0,0.0,0.0,0.0,0.0,0.0,0.0,0.0,0.0,0.0,0.0,0.0,0.0,0.0,0.0,0.0,0.0,0.0,0.0,0.0,0.0,0.0,0.0,0.0,0.0,0.0,0.0,0.0,0.0,0.0,0.0,0.0,0.0,0.0,0.0,0.0,0.0,0.0,0.0
M008,65.0,0.0,0.0,0.0,65.0,0.0,0.0,0.0,65.0,0.0,0.0,0.0,65.0,0.0,0.0,0.0,65.0,0.0,0.0,0.0,0.0,65.0,0.0,0.0,0.0,65.0,0.0,0.0,0.0,65.0,0.0,0.0,0.0,65.0,0.0,0.0,0.0,65.0,0.0,0.0,65.0,0.0,0.0,0.0,65.0,0.0,0.0,65.0,0.0,0.0,0.0,65.0,0.0,0.0,65.0,0.0,0.0,0.0,65.0,0.0,0.0,65.0,0.0,0.0,0.0,65.0,0.0,0.0,65.0,0.0,0.0,0.0,65.0,0.0,0.0,0.0,65.0,0.0,65.0,0.0,0.0,65.0,0.0,0.0,65.0,0.0,0.0,0.0,65.0,0.0,0.0,0.0,65.0,0.0,0.0,0.0,65.0,0.0,0.0,65.0
M009,215.0,0.0,0.0,0.0,215.0,0.0,0.0,0.0,215.0,0.0,0.0,0.0,215.0,0.0,0.0,0.0,215.0,0.0,0.0,0.0,0.0,215.0,0.0,0.0,0.0,215.0,0.0,0.0,0.0,215.0,0.0,0.0,0.0,215.0,0.0,0.0,0.0,215.0,0.0,0.0,0.0,0.0,0.0,0.0,215.0,0.0,0.0,215.0,0.0,0.0,0.0,215.0,0.0,0.0,0.0,0.0,0.0,0.0,0.0,0.0,0.0,0.0,0.0,0.0,0.0,0.0,0.0,0.0,0.0,0.0,0.0,0.0,0.0,0.0,0.0,0.0,0.0,0.0,0.0,0.0,0.0,0.0,0.0,0.0,0.0,0.0,0.0,0.0,0.0,0.0,0.0,0.0,0.0,0.0,0.0,0.0,0.0,0.0,0.0,0.0
M010,0.0,0.0,315.0,0.0,0.0,0.0,315.0,0.0,0.0,0.0,315.0,0.0,0.0,0.0,315.0,0.0,0.0,0.0,0.0,315.0,0.0,0.0,0.0,315.0,0.0,0.0,0.0,315.0,0.0,0.0,0.0,315.0,0.0,0.0,0.0,315.0,0.0,0.0,0.0,315.0,0.0,0.0,315.0,0.0,0.0,0.0,315.0,0.0,0.0,315.0,0.0,0.0,0.0,315.0,0.0,0.0,315.0,0.0,0.0,0.0,315.0,0.0,0.0,315.0,0.0,0.0,0.0,315.0,0.0,0.0,315.0,0.0,0.0,0.0,315.0,0.0,0.0,315.0,0.0,0.0,315.0,0.0,315.0,0.0,0.0,315.0,315.0,0.0,0.0,0.0,315.0,0.0,0.0,0.0,315.0,0.0,0.0,0.0,0.0,0.0
M0108,0.0,0.0,115.0,0.0,0.0,0.0,115.0,0.0,0.0,0.0,115.0,0.0,0.0,0.0,0.0,0.0,0.0,0.0,0.0,0.0,0.0,0.0,0.0,115.0,0.0,0.0,0.0,0.0,0.0,0.0,0.0,115.0,0.0,0.0,0.0,115.0,0.0,0.0,0.0,0.0,0.0,0.0,0.0,0.0,0.0,0.0,115.0,0.0,0.0,115.0,0.0,0.0,0.0,115.0,0.0,0.0,0.0,0.0,0.0,0.0,0.0,0.0,0.0,115.0,0.0,0.0,0.0,0.0,0.0,0.0,0.0,0.0,0.0,0.0,0.0,0.0,0.0,0.0,0.0,0.0,0.0,0.0,115.0,0.0,0.0,115.0,115.0,0.0,0.0,0.0,115.0,0.0,0.0,0.0,115.0,0.0,0.0,0.0,0.0,0.0
M011,0.0,0.0,65.0,0.0,0.0,0.0,65.0,0.0,0.0,0.0,65.0,0.0,0.0,0.0,65.0,0.0,0.0,0.0,0.0,65.0,0.0,0.0,0.0,65.0,0.0,0.0,0.0,65.0,0.0,0.0,0.0,65.0,0.0,0.0,0.0,65.0,0.0,0.0,0.0,65.0,0.0,0.0,65.0,0.0,0.0,0.0,65.0,0.0,0.0,65.0,0.0,0.0,0.0,65.0,0.0,0.0,65.0,0.0,0.0,0.0,65.0,0.0,0.0,65.0,0.0,0.0,0.0,65.0,0.0,0.0,65.0,0.0,0.0,0.0,65.0,0.0,0.0,65.0,0.0,0.0,65.0,0.0,65.0,0.0,0.0,65.0,65.0,0.0,0.0,0.0,65.0,0.0,0.0,0.0,65.0,0.0,0.0,0.0,0.0,0.0
M0129,0.0,0.0,265.0,0.0,0.0,0.0,265.0,0.0,0.0,0.0,265.0,0.0,0.0,0.0,265.0,0.0,0.0,0.0,0.0,265.0,0.0,0.0,0.0,265.0,0.0,0.0,0.0,265.0,0.0,0.0,0.0,265.0,0.0,0.0,0.0,265.0,0.0,0.0,0.0,0.0,0.0,0.0,265.0,0.0,0.0,0.0,265.0,0.0,0.0,265.0,0.0,0.0,0.0,0.0,0.0,0.0,0.0,0.0,0.0,0.0,0.0,0.0,0.0,265.0,0.0,0.0,0.0,0.0,0.0,0.0,0.0,0.0,0.0,0.0,0.0,0.0,0.0,265.0,0.0,0.0,0.0,0.0,0.0,0.0,0.0,265.0,265.0,0.0,0.0,0.0,265.0,0.0,0.0,0.0,265.0,0.0,0.0,0.0,0.0,0.0
M0142,0.0,0.0,65.0,0.0,0.0,0.0,65.0,0.0,0.0,0.0,65.0,0.0,0.0,0.0,65.0,0.0,0.0,0.0,0.0,65.0,0.0,0.0,0.0,65.0,0.0,0.0,0.0,65.0,0.0,0.0,0.0,65.0,0.0,0.0,0.0,65.0,0.0,0.0,0.0,65.0,0.0,0.0,65.0,0.0,0.0,0.0,65.0,0.0,0.0,65.0,0.0,0.0,0.0,65.0,0.0,0.0,0.0,0.0,0.0,0.0,0.0,0.0,0.0,65.0,0.0,0.0,0.0,0.0,0.0,0.0,0.0,0.0,0.0,0.0,0.0,0.0,0.0,0.0,0.0,0.0,0.0,0.0,65.0,0.0,0.0,65.0,65.0,0.0,0.0,0.0,65.0,0.0,0.0,0.0,65.0,0.0,0.0,0.0,0.0,0.0
M0144,0.0,0.0,265.0,0.0,0.0,0.0,265.0,0.0,0.0,0.0,265.0,0.0,0.0,0.0,265.0,0.0,0.0,0.0,0.0,265.0,0.0,0.0,0.0,265.0,0.0,0.0,0.0,265.0,0.0,0.0,0.0,265.0,0.0,0.0,0.0,265.0,0.0,0.0,0.0,0.0,0.0,0.0,265.0,0.0,0.0,0.0,265.0,0.0,0.0,265.0,0.0,0.0,0.0,0.0,0.0,0.0,0.0,0.0,0.0,0.0,0.0,0.0,0.0,265.0,0.0,0.0,0.0,0.0,0.0,0.0,0.0,0.0,0.0,0.0,0.0,0.0,0.0,265.0,0.0,0.0,0.0,0.0,0.0,0.0,0.0,265.0,265.0,0.0,0.0,0.0,265.0,0.0,0.0,0.0,265.0,0.0,0.0,0.0,0.0,0.0
M0148,0.0,0.0,115.0,0.0,0.0,0.0,115.0,0.0,0.0,0.0,115.0,0.0,0.0,0.0,115.0,0.0,0.0,0.0,0.0,115.0,0.0,0.0,0.0,115.0,0.0,0.0,0.0,115.0,0.0,0.0,0.0,115.0,0.0,0.0,0.0,115.0,0.0,0.0,0.0,0.0,0.0,0.0,115.0,0.0,0.0,0.0,115.0,0.0,0.0,0.0,0.0,0.0,0.0,0.0,0.0,0.0,0.0,0.0,0.0,0.0,0.0,0.0,0.0,115.0,0.0,0.0,0.0,0.0,0.0,0.0,0.0,0.0,0.0,0.0,0.0,0.0,0.0,115.0,0.0,0.0,0.0,0.0,0.0,0.0,0.0,0.0,0.0,0.0,0.0,0.0,0.0,0.0,0.0,0.0,0.0,0.0,0.0,0.0,0.0,0.0
M0149,0.0,0.0,115.0,0.0,0.0,0.0,115.0,0.0,0.0,0.0,115.0,0.0,0.0,0.0,115.0,0.0,0.0,0.0,0.0,115.0,0.0,0.0,0.0,115.0,0.0,0.0,0.0,115.0,0.0,0.0,0.0,115.0,0.0,0.0,0.0,115.0,0.0,0.0,0.0,0.0,0.0,0.0,115.0,0.0,0.0,0.0,115.0,0.0,0.0,115.0,0.0,0.0,0.0,0.0,0.0,0.0,0.0,0.0,0.0,0.0,0.0,0.0,0.0,115.0,0.0,0.0,0.0,0.0,0.0,0.0,0.0,0.0,0.0,0.0,0.0,0.0,0.0,65.0,0.0,0.0,0.0,0.0,0.0,0.0,0.0,65.0,65.0,0.0,0.0,0.0,65.0,0.0,0.0,0.0,65.0,0.0,0.0,0.0,0.0,0.0
M0152,0.0,0.0,65.0,0.0,0.0,0.0,65.0,0.0,0.0,0.0,65.0,0.0,0.0,0.0,65.0,0.0,0.0,0.0,0.0,65.0,0.0,0.0,0.0,65.0,0.0,0.0,0.0,65.0,0.0,0.0,0.0,65.0,0.0,0.0,0.0,65.0,0.0,0.0,0.0,0.0,0.0,0.0,65.0,0.0,0.0,0.0,65.0,0.0,0.0,65.0,0.0,0.0,0.0,0.0,0.0,0.0,0.0,0.0,0.0,0.0,0.0,0.0,0.0,65.0,0.0,0.0,0.0,0.0,0.0,0.0,0.0,0.0,0.0,0.0,0.0,0.0,0.0,65.0,0.0,0.0,0.0,0.0,0.0,0.0,0.0,65.0,65.0,0.0,0.0,0.0,65.0,0.0,0.0,0.0,65.0,0.0,0.0,0.0,0.0,0.0
M0157,115.0,0.0,0.0,0.0,115.0,0.0,0.0,0.0,115.0,0.0,0.0,0.0,115.0,0.0,0.0,0.0,115.0,0.0,0.0,0.0,0.0,115.0,0.0,0.0,0.0,115.0,0.0,0.0,0.0,115.0,0.0,0.0,0.0,115.0,0.0,0.0,0.0,115.0,0.0,0.0,115.0,0.0,0.0,0.0,115.0,0.0,0.0,115.0,0.0,0.0,0.0,115.0,0.0,0.0,0.0,0.0,0.0,0.0,115.0,0.0,0.0,115.0,0.0,0.0,0.0,115.0,0.0,0.0,0.0,0.0,0.0,0.0,115.0,0.0,0.0,0.0,115.0,0.0,115.0,0.0,0.0,0.0,0.0,0.0,115.0,0.0,0.0,0.0,115.0,0.0,0.0,0.0,115.0,0.0,0.0,0.0,115.0,0.0,0.0,115.0
M016,215.0,0.0,0.0,0.0,215.0,0.0,0.0,0.0,215.0,0.0,0.0,0.0,215.0,0.0,0.0,0.0,215.0,0.0,0.0,0.0,0.0,215.0,0.0,0.0,0.0,215.0,0.0,0.0,0.0,215.0,0.0,0.0,0.0,215.0,0.0,0.0,0.0,215.0,0.0,0.0,0.0,0.0,0.0,0.0,215.0,0.0,0.0,215.0,0.0,0.0,0.0,215.0,0.0,0.0,215.0,0.0,0.0,0.0,215.0,0.0,0.0,215.0,0.0,0.0,0.0,215.0,0.0,0.0,215.0,0.0,0.0,0.0,215.0,0.0,0.0,0.0,215.0,0.0,215.0,0.0,0.0,215.0,0.0,0.0,215.0,0.0,0.0,0.0,0.0,0.0,0.0,0.0,0.0,0.0,0.0,0.0,0.0,0.0,0.0,215.0
M017,0.0,0.0,65.0,0.0,0.0,0.0,65.0,0.0,0.0,0.0,65.0,0.0,0.0,0.0,65.0,0.0,0.0,0.0,0.0,65.0,0.0,0.0,0.0,65.0,0.0,0.0,0.0,65.0,0.0,0.0,0.0,65.0,0.0,0.0,0.0,65.0,0.0,0.0,0.0,65.0,0.0,0.0,65.0,0.0,0.0,0.0,65.0,0.0,0.0,65.0,0.0,0.0,0.0,65.0,0.0,0.0,65.0,0.0,0.0,0.0,65.0,0.0,0.0,65.0,0.0,0.0,0.0,65.0,0.0,0.0,65.0,0.0,0.0,0.0,65.0,0.0,0.0,65.0,0.0,0.0,65.0,0.0,0.0,0.0,0.0,65.0,65.0,0.0,0.0,0.0,65.0,0.0,0.0,0.0,0.0,0.0,0.0,0.0,0.0,0.0
M020,0.0,0.0,115.0,0.0,0.0,0.0,115.0,0.0,0.0,0.0,115.0,0.0,0.0,0.0,115.0,0.0,0.0,0.0,0.0,115.0,0.0,0.0,0.0,115.0,0.0,0.0,0.0,115.0,0.0,0.0,0.0,115.0,0.0,0.0,0.0,115.0,0.0,0.0,0.0,115.0,0.0,0.0,115.0,0.0,0.0,0.0,115.0,0.0,0.0,115.0,0.0,0.0,0.0,115.0,0.0,0.0,115.0,0.0,0.0,0.0,115.0,0.0,0.0,115.0,0.0,0.0,0.0,115.0,0.0,0.0,115.0,0.0,0.0,0.0,115.0,0.0,0.0,115.0,0.0,0.0,115.0,0.0,115.0,0.0,0.0,115.0,115.0,0.0,0.0,0.0,115.0,0.0,0.0,0.0,115.0,0.0,0.0,0.0,0.0,0.0
M021,0.0,65.0,0.0,0.0,0.0,65.0,0.0,0.0,0.0,65.0,0.0,0.0,0.0,65.0,0.0,0.0,0.0,0.0,65.0,0.0,0.0,0.0,65.0,0.0,0.0,0.0,65.0,0.0,0.0,0.0,65.0,0.0,0.0,0.0,65.0,0.0,0.0,0.0,65.0,0.0,0.0,65.0,0.0,0.0,0.0,65.0,0.0,0.0,65.0,0.0,0.0,0.0,65.0,0.0,0.0,65.0,0.0,0.0,0.0,65.0,0.0,0.0,65.0,0.0,0.0,0.0,65.0,0.0,0.0,65.0,0.0,0.0,0.0,65.0,0.0,0.0,0.0,65.0,0.0,65.0,0.0,0.0,0.0,65.0,0.0,65.0,65.0,0.0,0.0,65.0,0.0,0.0,0.0,65.0,0.0,0.0,0.0,65.0,65.0,0.0
M022,0.0,0.0,0.0,0.0,0.0,0.0,0.0,0.0,0.0,65.0,0.0,0.0,0.0,65.0,0.0,0.0,0.0,0.0,65.0,0.0,0.0,0.0,265.0,0.0,0.0,0.0,65.0,0.0,0.0,0.0,0.0,0.0,0.0,0.0,65.0,0.0,0.0,0.0,65.0,0.0,0.0,65.0,0.0,0.0,0.0,65.0,0.0,0.0,0.0,0.0,0.0,0.0,65.0,0.0,0.0,65.0,0.0,0.0,0.0,0.0,0.0,0.0,0.0,0.0,0.0,0.0,0.0,0.0,0.0,0.0,0.0,0.0,0.0,0.0,0.0,0.0,0.0,0.0,0.0,0.0,0.0,0.0,0.0,0.0,0.0,0.0,0.0,0.0,0.0,0.0,0.0,0.0,0.0,0.0,0.0,0.0,0.0,0.0,0.0,0.0
M023,65.0,0.0,0.0,0.0,65.0,0.0,0.0,0.0,65.0,0.0,0.0,0.0,65.0,0.0,0.0,0.0,65.0,0.0,0.0,0.0,0.0,65.0,0.0,0.0,0.0,65.0,0.0,0.0,0.0,65.0,0.0,0.0,0.0,65.0,0.0,0.0,0.0,65.0,0.0,0.0,0.0,0.0,0.0,0.0,65.0,0.0,0.0,65.0,0.0,0.0,0.0,65.0,0.0,0.0,65.0,0.0,0.0,0.0,65.0,0.0,0.0,65.0,0.0,0.0,0.0,65.0,0.0,0.0,65.0,0.0,0.0,0.0,65.0,0.0,0.0,0.0,65.0,0.0,65.0,0.0,0.0,65.0,0.0,0.0,65.0,0.0,0.0,0.0,65.0,0.0,0.0,0.0,65.0,0.0,0.0,0.0,65.0,0.0,0.0,65.0
M024,0.0,0.0,0.0,0.0,0.0,0.0,0.0,0.0,0.0,0.0,0.0,0.0,0.0,0.0,0.0,0.0,0.0,0.0,0.0,0.0,0.0,0.0,0.0,0.0,0.0,0.0,0.0,0.0,0.0,0.0,0.0,0.0,0.0,0.0,0.0,0.0,0.0,0.0,0.0,0.0,0.0,0.0,0.0,0.0,0.0,0.0,0.0,0.0,0.0,0.0,0.0,0.0,0.0,0.0,0.0,0.0,0.0,0.0,0.0,0.0,0.0,0.0,0.0,0.0,0.0,0.0,0.0,0.0,0.0,0.0,0.0,0.0,0.0,0.0,0.0,0.0,115.0,0.0,115.0,0.0,0.0,115.0,0.0,0.0,115.0,0.0,0.0,0.0,115.0,0.0,0.0,0.0,115.0,0.0,0.0,0.0,115.0,0.0,0.0,115.0
M025,365.0,0.0,0.0,0.0,365.0,0.0,0.0,0.0,365.0,0.0,0.0,0.0,365.0,0.0,0.0,0.0,365.0,0.0,0.0,0.0,0.0,365.0,0.0,0.0,0.0,365.0,0.0,0.0,0.0,365.0,0.0,0.0,0.0,365.0,0.0,0.0,0.0,365.0,0.0,0.0,365.0,0.0,0.0,0.0,365.0,0.0,0.0,365.0,0.0,0.0,0.0,365.0,0.0,0.0,365.0,0.0,0.0,0.0,365.0,0.0,0.0,365.0,0.0,0.0,0.0,365.0,0.0,0.0,365.0,0.0,0.0,0.0,365.0,0.0,0.0,0.0,365.0,0.0,365.0,0.0,0.0,365.0,0.0,0.0,365.0,0.0,0.0,0.0,365.0,0.0,0.0,0.0,365.0,0.0,0.0,0.0,365.0,0.0,0.0,365.0
M026,0.0,0.0,0.0,65.0,0.0,0.0,0.0,0.0,0.0,0.0,0.0,0.0,0.0,0.0,0.0,65.0,0.0,0.0,0.0,0.0,65.0,0.0,0.0,65.0,65.0,0.0,0.0,0.0,65.0,0.0,0.0,0.0,0.0,0.0,0.0,0.0,0.0,0.0,0.0,0.0,65.0,0.0,0.0,65.0,65.0,0.0,0.0,0.0,0.0,0.0,0.0,65.0,0.0,0.0,65.0,0.0,0.0,65.0,65.0,0.0,0.0,130.0,0.0,0.0,65.0,65.0,0.0,0.0,0.0,0.0,0.0,65.0,0.0,0.0,0.0,65.0,0.0,0.0,65.0,0.0,65.0,0.0,0.0,0.0,65.0,0.0,0.0,65.0,0.0,0.0,0.0,65.0,0.0,0.0,0.0,65.0,0.0,0.0,0.0,0.0
M028,0.0,0.0,0.0,0.0,0.0,0.0,0.0,0.0,0.0,0.0,0.0,0.0,0.0,0.0,0.0,0.0,0.0,0.0,0.0,0.0,515.0,0.0,0.0,515.0,515.0,0.0,0.0,0.0,515.0,0.0,0.0,0.0,515.0,0.0,0.0,0.0,515.0,0.0,0.0,0.0,515.0,0.0,0.0,515.0,0.0,0.0,0.0,515.0,0.0,0.0,515.0,0.0,0.0,0.0,515.0,0.0,0.0,515.0,0.0,0.0,0.0,515.0,0.0,0.0,515.0,0.0,0.0,0.0,0.0,0.0,0.0,0.0,0.0,0.0,0.0,0.0,0.0,0.0,515.0,0.0,515.0,0.0,0.0,0.0,515.0,0.0,0.0,515.0,0.0,0.0,0.0,515.0,0.0,0.0,0.0,515.0,0.0,0.0,0.0,0.0
M029,215.0,0.0,0.0,0.0,215.0,0.0,0.0,0.0,215.0,0.0,0.0,0.0,215.0,0.0,0.0,0.0,215.0,0.0,0.0,0.0,0.0,215.0,0.0,0.0,0.0,215.0,0.0,0.0,0.0,215.0,0.0,0.0,0.0,215.0,0.0,0.0,0.0,215.0,0.0,115.0,215.0,0.0,115.0,0.0,215.0,0.0,0.0,215.0,0.0,0.0,0.0,215.0,0.0,115.0,215.0,0.0,115.0,0.0,215.0,0.0,115.0,215.0,0.0,0.0,0.0,215.0,0.0,0.0,215.0,0.0,0.0,0.0,215.0,0.0,0.0,0.0,215.0,0.0,215.0,0.0,0.0,215.0,0.0,0.0,215.0,0.0,0.0,0.0,215.0,0.0,0.0,0.0,215.0,0.0,0.0,0.0,215.0,0.0,0.0,215.0
M030,0.0,0.0,0.0,115.0,0.0,0.0,0.0,115.0,0.0,0.0,0.0,115.0,0.0,0.0,0.0,115.0,0.0,0.0,0.0,0.0,115.0,0.0,0.0,115.0,115.0,0.0,0.0,0.0,115.0,0.0,0.0,0.0,115.0,0.0,0.0,0.0,115.0,0.0,0.0,0.0,115.0,0.0,0.0,115.0,0.0,0.0,0.0,115.0,0.0,0.0,115.0,0.0,0.0,0.0,115.0,0.0,0.0,115.0,0.0,0.0,0.0,115.0,0.0,0.0,115.0,0.0,0.0,0.0,115.0,0.0,0.0,115.0,0.0,0.0,0.0,115.0,0.0,0.0,115.0,0.0,115.0,0.0,0.0,0.0,115.0,0.0,0.0,115.0,0.0,0.0,0.0,115.0,0.0,0.0,0.0,115.0,0.0,0.0,0.0,0.0
M031,0.0,0.0,215.0,0.0,0.0,0.0,215.0,0.0,0.0,0.0,215.0,0.0,0.0,0.0,215.0,0.0,0.0,0.0,0.0,0.0,0.0,0.0,0.0,215.0,0.0,0.0,0.0,215.0,0.0,0.0,0.0,0.0,0.0,0.0,0.0,0.0,0.0,0.0,0.0,0.0,0.0,0.0,215.0,0.0,0.0,0.0,0.0,0.0,0.0,0.0,0.0,0.0,0.0,0.0,0.0,0.0,215.0,0.0,0.0,0.0,0.0,0.0,0.0,0.0,0.0,0.0,0.0,0.0,0.0,0.0,0.0,0.0,0.0,0.0,0.0,0.0,0.0,215.0,0.0,0.0,0.0,0.0,0.0,0.0,0.0,0.0,0.0,0.0,0.0,0.0,0.0,0.0,0.0,0.0,0.0,0.0,0.0,0.0,0.0,0.0
M032,0.0,0.0,0.0,0.0,0.0,0.0,115.0,0.0,0.0,0.0,115.0,0.0,0.0,0.0,115.0,0.0,0.0,0.0,0.0,115.0,0.0,0.0,0.0,0.0,0.0,0.0,0.0,115.0,0.0,0.0,0.0,115.0,0.0,0.0,0.0,115.0,0.0,0.0,0.0,115.0,0.0,0.0,115.0,0.0,0.0,0.0,0.0,0.0,0.0,115.0,0.0,0.0,0.0,115.0,0.0,0.0,115.0,0.0,0.0,0.0,115.0,0.0,0.0,115.0,0.0,0.0,0.0,115.0,0.0,0.0,115.0,0.0,0.0,0.0,115.0,0.0,0.0,115.0,0.0,0.0,115.0,0.0,115.0,0.0,0.0,115.0,115.0,0.0,0.0,0.0,115.0,0.0,0.0,0.0,115.0,0.0,0.0,0.0,0.0,0.0
M033,0.0,0.0,0.0,115.0,0.0,0.0,0.0,115.0,0.0,0.0,0.0,115.0,0.0,0.0,0.0,115.0,0.0,0.0,0.0,0.0,115.0,0.0,0.0,115.0,115.0,0.0,0.0,0.0,115.0,0.0,0.0,0.0,115.0,0.0,0.0,0.0,115.0,0.0,0.0,0.0,115.0,0.0,0.0,115.0,0.0,0.0,0.0,115.0,0.0,0.0,115.0,0.0,0.0,0.0,115.0,0.0,0.0,115.0,0.0,0.0,0.0,115.0,0.0,0.0,115.0,0.0,0.0,0.0,115.0,0.0,0.0,115.0,0.0,0.0,0.0,115.0,0.0,0.0,115.0,0.0,115.0,0.0,0.0,0.0,115.0,0.0,0.0,115.0,0.0,0.0,0.0,115.0,0.0,0.0,0.0,115.0,0.0,0.0,0.0,0.0
M034,0.0,0.0,0.0,65.0,0.0,0.0,0.0,65.0,0.0,0.0,0.0,65.0,0.0,0.0,0.0,65.0,0.0,0.0,0.0,0.0,65.0,0.0,0.0,65.0,0.0,0.0,0.0,0.0,65.0,0.0,0.0,0.0,65.0,0.0,0.0,0.0,65.0,0.0,0.0,0.0,65.0,0.0,0.0,65.0,0.0,0.0,0.0,65.0,0.0,0.0,65.0,0.0,0.0,0.0,65.0,0.0,0.0,65.0,0.0,0.0,0.0,65.0,0.0,0.0,65.0,0.0,0.0,0.0,65.0,0.0,0.0,65.0,0.0,0.0,0.0,65.0,0.0,0.0,65.0,0.0,65.0,0.0,0.0,0.0,65.0,0.0,0.0,65.0,0.0,0.0,0.0,65.0,0.0,0.0,0.0,65.0,0.0,0.0,0.0,0.0
M035,0.0,0.0,0.0,0.0,0.0,0.0,0.0,0.0,0.0,0.0,0.0,0.0,0.0,0.0,0.0,0.0,0.0,0.0,0.0,0.0,0.0,0.0,0.0,0.0,0.0,0.0,0.0,0.0,0.0,0.0,0.0,0.0,0.0,0.0,0.0,0.0,0.0,0.0,0.0,115.0,0.0,0.0,115.0,0.0,0.0,0.0,0.0,0.0,0.0,0.0,0.0,0.0,0.0,115.0,0.0,0.0,0.0,0.0,0.0,0.0,0.0,0.0,0.0,0.0,0.0,0.0,0.0,0.0,0.0,0.0,0.0,0.0,0.0,0.0,115.0,0.0,0.0,0.0,0.0,0.0,0.0,0.0,0.0,0.0,0.0,0.0,0.0,0.0,0.0,0.0,0.0,0.0,0.0,0.0,0.0,0.0,0.0,0.0,0.0,0.0
M038,0.0,0.0,65.0,0.0,0.0,0.0,65.0,0.0,0.0,0.0,65.0,0.0,0.0,0.0,65.0,0.0,0.0,0.0,0.0,65.0,0.0,0.0,0.0,65.0,0.0,0.0,0.0,65.0,0.0,0.0,0.0,65.0,0.0,0.0,0.0,65.0,0.0,0.0,0.0,65.0,0.0,0.0,65.0,0.0,0.0,0.0,65.0,0.0,0.0,65.0,0.0,0.0,0.0,65.0,0.0,0.0,65.0,0.0,0.0,0.0,65.0,0.0,0.0,65.0,0.0,0.0,0.0,65.0,0.0,0.0,65.0,0.0,0.0,0.0,65.0,0.0,0.0,65.0,0.0,0.0,65.0,0.0,65.0,0.0,0.0,65.0,65.0,0.0,0.0,0.0,65.0,0.0,0.0,0.0,65.0,0.0,0.0,0.0,0.0,0.0
M040,115.0,0.0,0.0,0.0,115.0,0.0,0.0,0.0,115.0,0.0,0.0,0.0,115.0,0.0,0.0,0.0,115.0,0.0,0.0,0.0,0.0,115.0,0.0,0.0,0.0,115.0,0.0,0.0,0.0,115.0,0.0,0.0,0.0,115.0,0.0,0.0,0.0,115.0,0.0,0.0,115.0,0.0,0.0,0.0,115.0,0.0,0.0,115.0,0.0,0.0,0.0,115.0,0.0,0.0,115.0,0.0,0.0,0.0,115.0,0.0,0.0,115.0,0.0,0.0,0.0,115.0,0.0,0.0,115.0,0.0,0.0,0.0,115.0,0.0,0.0,0.0,115.0,0.0,115.0,0.0,0.0,115.0,0.0,0.0,115.0,0.0,0.0,0.0,115.0,0.0,0.0,0.0,115.0,0.0,0.0,0.0,115.0,0.0,0.0,115.0
M041,115.0,0.0,0.0,0.0,115.0,0.0,0.0,0.0,115.0,0.0,0.0,0.0,115.0,0.0,0.0,0.0,115.0,0.0,0.0,0.0,0.0,115.0,0.0,0.0,0.0,115.0,0.0,0.0,0.0,115.0,0.0,0.0,0.0,115.0,0.0,0.0,0.0,115.0,0.0,0.0,115.0,0.0,0.0,0.0,115.0,0.0,0.0,115.0,0.0,0.0,0.0,115.0,0.0,0.0,115.0,0.0,0.0,0.0,115.0,0.0,0.0,115.0,0.0,0.0,0.0,115.0,0.0,0.0,115.0,0.0,0.0,0.0,115.0,0.0,0.0,0.0,115.0,0.0,115.0,0.0,0.0,115.0,0.0,0.0,115.0,0.0,0.0,0.0,115.0,0.0,0.0,0.0,0.0,0.0,0.0,0.0,0.0,0.0,0.0,0.0
M043,0.0,0.0,0.0,0.0,0.0,0.0,0.0,0.0,0.0,0.0,0.0,0.0,0.0,0.0,0.0,0.0,0.0,0.0,0.0,0.0,0.0,0.0,0.0,0.0,0.0,0.0,0.0,0.0,0.0,0.0,0.0,0.0,0.0,0.0,0.0,0.0,0.0,0.0,0.0,0.0,0.0,0.0,0.0,0.0,0.0,0.0,0.0,0.0,0.0,0.0,0.0,0.0,0.0,0.0,0.0,0.0,0.0,0.0,0.0,0.0,0.0,0.0,0.0,0.0,0.0,0.0,0.0,0.0,0.0,0.0,0.0,0.0,0.0,0.0,0.0,0.0,0.0,0.0,0.0,0.0,0.0,0.0,0.0,0.0,0.0,0.0,0.0,0.0,0.0,0.0,0.0,0.0,0.0,65.0,0.0,0.0,0.0,0.0,0.0,0.0
M046,0.0,0.0,215.0,0.0,0.0,0.0,215.0,0.0,0.0,0.0,215.0,0.0,0.0,0.0,215.0,0.0,0.0,0.0,0.0,215.0,0.0,0.0,0.0,215.0,0.0,0.0,0.0,215.0,0.0,0.0,0.0,215.0,0.0,0.0,0.0,215.0,0.0,0.0,0.0,215.0,0.0,0.0,215.0,0.0,0.0,0.0,215.0,0.0,0.0,215.0,0.0,0.0,0.0,215.0,0.0,0.0,215.0,0.0,0.0,0.0,215.0,0.0,0.0,215.0,0.0,0.0,0.0,215.0,0.0,0.0,215.0,0.0,0.0,0.0,215.0,0.0,0.0,215.0,0.0,0.0,215.0,0.0,215.0,0.0,0.0,215.0,215.0,0.0,0.0,0.0,215.0,0.0,0.0,0.0,215.0,0.0,0.0,0.0,0.0,0.0
M047,0.0,0.0,115.0,0.0,0.0,0.0,115.0,0.0,0.0,0.0,115.0,0.0,0.0,0.0,115.0,0.0,0.0,0.0,0.0,115.0,0.0,0.0,0.0,115.0,0.0,0.0,0.0,115.0,0.0,0.0,0.0,115.0,0.0,0.0,0.0,115.0,0.0,0.0,0.0,115.0,0.0,0.0,115.0,0.0,0.0,0.0,115.0,0.0,0.0,115.0,0.0,0.0,0.0,115.0,0.0,0.0,115.0,0.0,0.0,0.0,115.0,0.0,0.0,115.0,0.0,0.0,0.0,115.0,0.0,0.0,115.0,0.0,0.0,0.0,115.0,0.0,0.0,115.0,0.0,0.0,115.0,0.0,115.0,0.0,0.0,115.0,115.0,0.0,0.0,0.0,115.0,0.0,0.0,0.0,115.0,0.0,0.0,0.0,0.0,0.0
M048,0.0,0.0,0.0,0.0,0.0,0.0,0.0,0.0,0.0,0.0,0.0,0.0,215.0,0.0,0.0,0.0,0.0,0.0,0.0,0.0,0.0,215.0,0.0,0.0,0.0,0.0,0.0,0.0,0.0,115.0,0.0,0.0,0.0,115.0,0.0,0.0,0.0,115.0,0.0,0.0,0.0,0.0,0.0,0.0,115.0,0.0,0.0,0.0,0.0,0.0,0.0,115.0,0.0,0.0,115.0,0.0,0.0,0.0,0.0,0.0,0.0,0.0,0.0,0.0,0.0,0.0,0.0,0.0,0.0,0.0,0.0,0.0,0.0,0.0,0.0,0.0,0.0,0.0,0.0,0.0,0.0,0.0,0.0,0.0,0.0,0.0,0.0,0.0,0.0,0.0,0.0,0.0,0.0,0.0,0.0,0.0,0.0,0.0,0.0,0.0
M049,0.0,0.0,0.0,65.0,0.0,0.0,0.0,65.0,0.0,0.0,0.0,65.0,0.0,0.0,0.0,0.0,0.0,0.0,0.0,0.0,65.0,0.0,0.0,65.0,65.0,0.0,0.0,0.0,65.0,0.0,0.0,0.0,65.0,0.0,0.0,0.0,65.0,0.0,0.0,0.0,65.0,0.0,0.0,65.0,0.0,0.0,0.0,0.0,0.0,0.0,65.0,0.0,0.0,0.0,65.0,0.0,0.0,65.0,0.0,0.0,0.0,65.0,0.0,0.0,65.0,0.0,0.0,0.0,0.0,0.0,0.0,0.0,0.0,0.0,0.0,65.0,0.0,0.0,65.0,0.0,65.0,0.0,0.0,0.0,65.0,0.0,0.0,65.0,0.0,0.0,0.0,65.0,0.0,0.0,0.0,65.0,0.0,0.0,0.0,0.0
M050,65.0,0.0,0.0,0.0,65.0,0.0,0.0,0.0,0.0,0.0,0.0,0.0,0.0,0.0,0.0,0.0,0.0,0.0,0.0,0.0,0.0,0.0,0.0,0.0,0.0,0.0,0.0,0.0,0.0,0.0,0.0,0.0,0.0,0.0,0.0,0.0,0.0,0.0,0.0,0.0,0.0,0.0,0.0,0.0,0.0,0.0,0.0,0.0,0.0,0.0,0.0,0.0,0.0,0.0,0.0,0.0,0.0,0.0,0.0,0.0,0.0,0.0,0.0,0.0,0.0,0.0,0.0,0.0,0.0,0.0,0.0,0.0,0.0,0.0,0.0,0.0,0.0,0.0,0.0,0.0,0.0,0.0,0.0,0.0,0.0,0.0,0.0,0.0,0.0,0.0,0.0,0.0,0.0,0.0,0.0,0.0,0.0,0.0,0.0,0.0
M051,0.0,0.0,0.0,0.0,0.0,0.0,0.0,0.0,0.0,0.0,0.0,0.0,0.0,0.0,0.0,0.0,0.0,0.0,0.0,0.0,0.0,0.0,0.0,0.0,0.0,0.0,0.0,0.0,0.0,0.0,0.0,0.0,0.0,0.0,0.0,0.0,0.0,0.0,0.0,0.0,0.0,0.0,0.0,0.0,0.0,0.0,0.0,0.0,0.0,0.0,0.0,0.0,0.0,0.0,0.0,0.0,0.0,0.0,0.0,0.0,0.0,0.0,0.0,0.0,0.0,0.0,0.0,0.0,0.0,0.0,0.0,0.0,0.0,0.0,0.0,0.0,0.0,0.0,0.0,65.0,0.0,0.0,0.0,65.0,0.0,0.0,0.0,0.0,0.0,0.0,0.0,0.0,0.0,0.0,0.0,0.0,0.0,65.0,65.0,0.0
M053,0.0,0.0,215.0,515.0,0.0,0.0,215.0,0.0,0.0,0.0,215.0,515.0,0.0,0.0,0.0,515.0,0.0,0.0,0.0,215.0,0.0,0.0,0.0,730.0,0.0,0.0,0.0,215.0,0.0,0.0,0.0,215.0,0.0,0.0,0.0,215.0,0.0,0.0,0.0,215.0,0.0,0.0,215.0,0.0,0.0,0.0,215.0,0.0,0.0,215.0,0.0,0.0,0.0,215.0,0.0,0.0,215.0,0.0,0.0,0.0,215.0,0.0,0.0,215.0,0.0,0.0,0.0,215.0,0.0,0.0,215.0,0.0,0.0,0.0,215.0,0.0,0.0,215.0,0.0,0.0,215.0,0.0,215.0,0.0,0.0,215.0,215.0,0.0,0.0,0.0,215.0,0.0,0.0,0.0,215.0,0.0,0.0,0.0,0.0,0.0
M057,65.0,0.0,0.0,0.0,65.0,0.0,0.0,0.0,65.0,0.0,0.0,0.0,65.0,0.0,0.0,0.0,65.0,0.0,0.0,0.0,0.0,65.0,0.0,0.0,0.0,65.0,0.0,0.0,0.0,65.0,0.0,0.0,0.0,65.0,0.0,0.0,0.0,65.0,0.0,0.0,65.0,0.0,0.0,0.0,65.0,0.0,0.0,65.0,0.0,0.0,0.0,65.0,0.0,0.0,65.0,0.0,0.0,0.0,65.0,0.0,0.0,65.0,0.0,0.0,0.0,65.0,0.0,0.0,65.0,0.0,0.0,0.0,65.0,0.0,0.0,0.0,65.0,0.0,65.0,0.0,0.0,65.0,0.0,0.0,65.0,0.0,0.0,0.0,65.0,0.0,0.0,0.0,65.0,0.0,0.0,0.0,65.0,0.0,0.0,65.0
M058,0.0,115.0,0.0,0.0,0.0,115.0,0.0,0.0,0.0,115.0,0.0,0.0,0.0,115.0,0.0,0.0,0.0,0.0,0.0,0.0,0.0,0.0,0.0,0.0,0.0,0.0,0.0,0.0,0.0,0.0,0.0,0.0,0.0,0.0,0.0,0.0,0.0,0.0,0.0,0.0,0.0,0.0,0.0,0.0,0.0,0.0,0.0,0.0,0.0,0.0,0.0,0.0,0.0,0.0,0.0,0.0,0.0,0.0,0.0,0.0,0.0,0.0,0.0,0.0,0.0,0.0,0.0,0.0,0.0,0.0,0.0,0.0,0.0,0.0,0.0,0.0,0.0,0.0,0.0,0.0,0.0,0.0,0.0,0.0,0.0,0.0,0.0,0.0,0.0,0.0,0.0,0.0,0.0,0.0,0.0,0.0,0.0,0.0,0.0,0.0
M059,215.0,0.0,0.0,0.0,215.0,0.0,0.0,0.0,215.0,0.0,0.0,0.0,215.0,0.0,0.0,0.0,215.0,0.0,0.0,0.0,0.0,215.0,0.0,0.0,0.0,215.0,0.0,0.0,0.0,215.0,0.0,0.0,0.0,215.0,0.0,0.0,0.0,0.0,0.0,0.0,0.0,0.0,0.0,0.0,215.0,0.0,0.0,215.0,0.0,0.0,0.0,215.0,0.0,0.0,215.0,0.0,0.0,0.0,215.0,0.0,0.0,215.0,0.0,0.0,0.0,215.0,0.0,0.0,215.0,0.0,0.0,0.0,215.0,0.0,0.0,0.0,215.0,0.0,215.0,0.0,0.0,0.0,0.0,0.0,0.0,0.0,0.0,0.0,0.0,0.0,0.0,0.0,0.0,0.0,0.0,0.0,0.0,0.0,0.0,0.0
M060,0.0,0.0,315.0,0.0,0.0,0.0,315.0,0.0,0.0,0.0,315.0,0.0,0.0,0.0,315.0,0.0,0.0,0.0,0.0,315.0,0.0,0.0,0.0,315.0,0.0,0.0,0.0,315.0,0.0,0.0,0.0,315.0,0.0,0.0,0.0,315.0,0.0,0.0,0.0,315.0,0.0,0.0,315.0,0.0,0.0,0.0,315.0,0.0,0.0,315.0,0.0,0.0,0.0,315.0,0.0,0.0,315.0,0.0,0.0,0.0,315.0,0.0,0.0,315.0,0.0,0.0,0.0,315.0,0.0,0.0,315.0,0.0,0.0,0.0,315.0,0.0,0.0,315.0,0.0,0.0,315.0,0.0,315.0,0.0,0.0,315.0,315.0,0.0,0.0,0.0,315.0,0.0,0.0,0.0,315.0,0.0,0.0,0.0,0.0,0.0
M061,315.0,0.0,0.0,0.0,315.0,0.0,0.0,0.0,315.0,0.0,0.0,0.0,315.0,0.0,0.0,0.0,315.0,0.0,0.0,0.0,0.0,315.0,0.0,0.0,0.0,315.0,0.0,0.0,0.0,315.0,0.0,0.0,0.0,315.0,0.0,0.0,0.0,315.0,0.0,0.0,315.0,0.0,0.0,0.0,315.0,0.0,0.0,315.0,0.0,0.0,0.0,315.0,0.0,0.0,315.0,0.0,0.0,0.0,315.0,0.0,0.0,315.0,0.0,0.0,0.0,315.0,0.0,0.0,315.0,0.0,0.0,0.0,315.0,0.0,0.0,0.0,315.0,0.0,315.0,0.0,0.0,315.0,0.0,0.0,315.0,0.0,0.0,0.0,315.0,0.0,0.0,0.0,0.0,0.0,0.0,0.0,0.0,0.0,0.0,0.0
M062,0.0,0.0,0.0,0.0,115.0,0.0,0.0,0.0,0.0,0.0,0.0,0.0,0.0,0.0,0.0,0.0,115.0,0.0,0.0,0.0,0.0,115.0,0.0,0.0,0.0,0.0,0.0,0.0,0.0,115.0,0.0,0.0,0.0,115.0,0.0,0.0,0.0,115.0,0.0,0.0,0.0,0.0,0.0,0.0,115.0,0.0,0.0,115.0,0.0,0.0,0.0,115.0,0.0,0.0,0.0,0.0,0.0,0.0,0.0,0.0,0.0,115.0,0.0,0.0,0.0,115.0,0.0,0.0,115.0,0.0,0.0,0.0,65.0,0.0,0.0,0.0,65.0,0.0,65.0,0.0,0.0,65.0,0.0,0.0,65.0,0.0,0.0,0.0,65.0,0.0,0.0,0.0,0.0,0.0,0.0,0.0,65.0,0.0,0.0,65.0
M064,65.0,0.0,0.0,0.0,65.0,0.0,0.0,0.0,65.0,0.0,0.0,0.0,65.0,0.0,0.0,0.0,65.0,0.0,0.0,0.0,0.0,65.0,0.0,0.0,0.0,65.0,0.0,0.0,0.0,65.0,0.0,0.0,0.0,65.0,0.0,0.0,0.0,65.0,0.0,0.0,65.0,0.0,0.0,0.0,65.0,0.0,0.0,65.0,0.0,0.0,0.0,65.0,0.0,0.0,65.0,0.0,0.0,0.0,65.0,0.0,0.0,65.0,0.0,0.0,0.0,65.0,0.0,0.0,65.0,0.0,0.0,0.0,65.0,0.0,0.0,0.0,65.0,0.0,65.0,0.0,0.0,65.0,0.0,0.0,65.0,0.0,0.0,0.0,65.0,0.0,0.0,0.0,65.0,0.0,0.0,0.0,65.0,0.0,0.0,65.0
M065,0.0,0.0,0.0,0.0,0.0,115.0,0.0,0.0,0.0,115.0,0.0,0.0,0.0,0.0,0.0,0.0,0.0,0.0,0.0,0.0,0.0,0.0,0.0,0.0,0.0,0.0,0.0,0.0,0.0,0.0,0.0,0.0,0.0,0.0,0.0,0.0,0.0,0.0,0.0,0.0,0.0,0.0,0.0,0.0,0.0,0.0,0.0,0.0,0.0,0.0,0.0,0.0,0.0,0.0,0.0,0.0,0.0,0.0,0.0,0.0,0.0,0.0,0.0,0.0,0.0,0.0,0.0,0.0,0.0,0.0,0.0,0.0,0.0,0.0,0.0,0.0,0.0,0.0,0.0,0.0,0.0,0.0,0.0,0.0,0.0,0.0,0.0,0.0,0.0,0.0,0.0,0.0,0.0,0.0,0.0,0.0,0.0,0.0,0.0,0.0
M068,0.0,0.0,0.0,315.0,0.0,0.0,0.0,315.0,0.0,0.0,0.0,315.0,0.0,0.0,0.0,315.0,0.0,0.0,0.0,0.0,0.0,0.0,0.0,0.0,315.0,0.0,0.0,0.0,315.0,0.0,0.0,0.0,315.0,0.0,0.0,0.0,315.0,0.0,0.0,0.0,315.0,0.0,0.0,315.0,0.0,0.0,0.0,315.0,0.0,0.0,315.0,0.0,0.0,0.0,315.0,0.0,0.0,315.0,0.0,0.0,0.0,315.0,0.0,0.0,315.0,0.0,0.0,0.0,315.0,0.0,0.0,315.0,0.0,0.0,0.0,0.0,0.0,0.0,315.0,0.0,315.0,0.0,0.0,0.0,315.0,0.0,0.0,315.0,0.0,0.0,0.0,315.0,0.0,0.0,0.0,315.0,0.0,0.0,0.0,0.0
M071,1015.0,0.0,0.0,0.0,1015.0,0.0,0.0,0.0,1015.0,0.0,0.0,0.0,1015.0,0.0,0.0,0.0,0.0,0.0,0.0,0.0,0.0,1015.0,0.0,0.0,0.0,1015.0,0.0,0.0,0.0,1015.0,0.0,0.0,0.0,1015.0,0.0,0.0,0.0,1015.0,0.0,0.0,0.0,0.0,0.0,0.0,1015.0,0.0,0.0,1015.0,0.0,0.0,0.0,0.0,0.0,0.0,0.0,0.0,0.0,0.0,1015.0,0.0,0.0,0.0,0.0,0.0,0.0,1015.0,0.0,0.0,1015.0,0.0,0.0,0.0,0.0,0.0,0.0,0.0,1015.0,0.0,1015.0,0.0,0.0,0.0,0.0,0.0,0.0,0.0,0.0,0.0,1015.0,0.0,0.0,0.0,1015.0,0.0,0.0,0.0,1015.0,0.0,0.0,1015.0
M072,0.0,0.0,0.0,0.0,0.0,0.0,0.0,0.0,0.0,0.0,0.0,0.0,0.0,0.0,0.0,0.0,0.0,0.0,0.0,0.0,0.0,0.0,0.0,0.0,0.0,0.0,0.0,0.0,0.0,0.0,0.0,0.0,0.0,0.0,0.0,0.0,0.0,0.0,0.0,0.0,0.0,0.0,0.0,0.0,0.0,0.0,0.0,0.0,0.0,0.0,0.0,0.0,115.0,0.0,0.0,0.0,0.0,0.0,0.0,0.0,0.0,0.0,0.0,0.0,0.0,0.0,0.0,0.0,0.0,0.0,0.0,0.0,0.0,0.0,0.0,0.0,0.0,0.0,0.0,0.0,0.0,0.0,0.0,0.0,0.0,0.0,115.0,0.0,0.0,0.0,0.0,0.0,0.0,0.0,0.0,0.0,0.0,0.0,0.0,0.0
M073,0.0,115.0,0.0,0.0,0.0,115.0,0.0,0.0,0.0,115.0,0.0,0.0,0.0,0.0,0.0,0.0,0.0,0.0,0.0,0.0,0.0,0.0,115.0,0.0,0.0,0.0,0.0,0.0,0.0,0.0,0.0,0.0,0.0,115.0,0.0,0.0,0.0,0.0,0.0,0.0,0.0,0.0,0.0,0.0,115.0,0.0,0.0,0.0,0.0,0.0,0.0,0.0,0.0,0.0,0.0,0.0,0.0,0.0,115.0,0.0,0.0,0.0,0.0,0.0,0.0,0.0,0.0,0.0,0.0,0.0,0.0,0.0,0.0,0.0,0.0,0.0,0.0,0.0,0.0,0.0,0.0,115.0,0.0,0.0,115.0,0.0,0.0,0.0,0.0,0.0,0.0,0.0,0.0,0.0,0.0,0.0,0.0,0.0,0.0,0.0
M074,0.0,0.0,0.0,0.0,0.0,0.0,0.0,215.0,0.0,0.0,0.0,0.0,0.0,0.0,0.0,0.0,0.0,0.0,0.0,0.0,0.0,0.0,0.0,0.0,0.0,0.0,0.0,0.0,0.0,0.0,0.0,0.0,0.0,0.0,0.0,0.0,0.0,0.0,0.0,0.0,0.0,0.0,0.0,215.0,0.0,0.0,0.0,0.0,0.0,0.0,0.0,0.0,0.0,0.0,0.0,0.0,0.0,0.0,0.0,0.0,0.0,0.0,0.0,0.0,0.0,0.0,0.0,0.0,0.0,0.0,0.0,0.0,0.0,0.0,0.0,0.0,0.0,0.0,0.0,0.0,0.0,0.0,0.0,0.0,0.0,0.0,0.0,0.0,0.0,0.0,0.0,0.0,0.0,0.0,0.0,0.0,0.0,0.0,0.0,0.0
M076,0.0,65.0,0.0,0.0,0.0,0.0,0.0,0.0,0.0,65.0,0.0,0.0,0.0,65.0,0.0,0.0,0.0,0.0,0.0,0.0,0.0,0.0,0.0,0.0,0.0,0.0,0.0,0.0,0.0,0.0,65.0,0.0,0.0,0.0,65.0,0.0,0.0,0.0,0.0,0.0,0.0,0.0,0.0,0.0,0.0,0.0,0.0,0.0,0.0,0.0,0.0,0.0,65.0,0.0,0.0,0.0,0.0,0.0,0.0,0.0,0.0,0.0,0.0,0.0,0.0,0.0,0.0,0.0,0.0,0.0,0.0,0.0,0.0,0.0,0.0,0.0,0.0,0.0,0.0,0.0,0.0,0.0,0.0,0.0,0.0,0.0,0.0,0.0,0.0,0.0,0.0,0.0,0.0,0.0,0.0,0.0,0.0,65.0,65.0,0.0
M077,0.0,0.0,0.0,0.0,0.0,65.0,0.0,0.0,0.0,0.0,0.0,0.0,0.0,0.0,0.0,0.0,0.0,0.0,65.0,0.0,0.0,0.0,0.0,0.0,0.0,0.0,0.0,0.0,0.0,0.0,0.0,0.0,0.0,0.0,0.0,0.0,0.0,0.0,0.0,0.0,0.0,0.0,0.0,0.0,0.0,0.0,0.0,0.0,0.0,0.0,0.0,0.0,0.0,0.0,0.0,0.0,0.0,0.0,0.0,0.0,0.0,0.0,0.0,0.0,0.0,0.0,0.0,0.0,0.0,0.0,0.0,0.0,0.0,0.0,0.0,0.0,0.0,0.0,0.0,0.0,0.0,0.0,0.0,65.0,0.0,65.0,0.0,0.0,0.0,0.0,0.0,0.0,0.0,65.0,0.0,0.0,0.0,0.0,0.0,0.0
M078,0.0,115.0,0.0,0.0,0.0,0.0,0.0,0.0,0.0,115.0,0.0,0.0,0.0,115.0,0.0,0.0,0.0,0.0,115.0,0.0,0.0,0.0,115.0,0.0,0.0,0.0,115.0,0.0,0.0,0.0,0.0,0.0,0.0,0.0,0.0,0.0,0.0,0.0,0.0,0.0,0.0,0.0,0.0,0.0,0.0,0.0,0.0,0.0,0.0,0.0,0.0,0.0,115.0,0.0,0.0,0.0,0.0,0.0,0.0,115.0,0.0,0.0,115.0,0.0,0.0,0.0,115.0,0.0,0.0,0.0,0.0,0.0,0.0,0.0,0.0,0.0,0.0,0.0,0.0,0.0,0.0,0.0,0.0,0.0,0.0,0.0,0.0,0.0,0.0,0.0,0.0,0.0,0.0,0.0,0.0,0.0,0.0,0.0,0.0,0.0
M079,0.0,0.0,0.0,215.0,0.0,0.0,0.0,215.0,0.0,0.0,0.0,215.0,0.0,0.0,0.0,215.0,0.0,0.0,0.0,0.0,215.0,0.0,0.0,200.0,215.0,0.0,0.0,0.0,215.0,0.0,0.0,0.0,215.0,0.0,0.0,0.0,0.0,0.0,0.0,0.0,0.0,0.0,0.0,0.0,0.0,0.0,0.0,0.0,0.0,0.0,0.0,0.0,0.0,0.0,0.0,0.0,0.0,0.0,0.0,0.0,0.0,0.0,0.0,0.0,0.0,0.0,0.0,0.0,0.0,0.0,0.0,0.0,0.0,0.0,0.0,0.0,0.0,0.0,0.0,0.0,0.0,0.0,0.0,0.0,0.0,0.0,0.0,0.0,0.0,0.0,0.0,0.0,0.0,0.0,0.0,0.0,0.0,0.0,0.0,0.0
M080,0.0,0.0,0.0,65.0,0.0,0.0,0.0,0.0,0.0,0.0,0.0,0.0,0.0,0.0,0.0,0.0,0.0,0.0,0.0,0.0,65.0,0.0,0.0,0.0,65.0,0.0,0.0,0.0,65.0,0.0,0.0,0.0,65.0,0.0,0.0,0.0,65.0,0.0,0.0,0.0,65.0,0.0,0.0,0.0,0.0,0.0,0.0,0.0,0.0,0.0,0.0,0.0,0.0,0.0,0.0,0.0,0.0,0.0,0.0,0.0,0.0,0.0,0.0,0.0,0.0,0.0,0.0,0.0,0.0,0.0,0.0,0.0,0.0,0.0,0.0,0.0,0.0,0.0,0.0,0.0,0.0,0.0,0.0,0.0,0.0,0.0,0.0,0.0,0.0,0.0,0.0,65.0,0.0,0.0,0.0,0.0,0.0,0.0,0.0,0.0
M081,65.0,0.0,0.0,0.0,65.0,0.0,0.0,0.0,65.0,0.0,0.0,0.0,65.0,0.0,0.0,0.0,0.0,0.0,0.0,0.0,0.0,65.0,0.0,0.0,0.0,65.0,0.0,0.0,0.0,0.0,0.0,0.0,0.0,65.0,0.0,0.0,0.0,65.0,0.0,0.0,65.0,0.0,0.0,0.0,65.0,0.0,0.0,65.0,0.0,0.0,0.0,65.0,0.0,0.0,65.0,0.0,0.0,0.0,65.0,0.0,0.0,65.0,0.0,0.0,0.0,0.0,0.0,0.0,0.0,0.0,0.0,0.0,0.0,0.0,0.0,0.0,0.0,0.0,0.0,0.0,0.0,0.0,0.0,0.0,0.0,0.0,0.0,0.0,0.0,0.0,0.0,0.0,0.0,0.0,0.0,0.0,0.0,0.0,0.0,0.0
M082,0.0,115.0,0.0,0.0,0.0,115.0,0.0,0.0,0.0,115.0,0.0,0.0,0.0,115.0,0.0,0.0,0.0,0.0,115.0,0.0,0.0,0.0,115.0,0.0,0.0,0.0,115.0,0.0,0.0,0.0,115.0,0.0,0.0,0.0,115.0,0.0,0.0,0.0,115.0,0.0,0.0,115.0,0.0,0.0,0.0,115.0,0.0,0.0,115.0,0.0,0.0,0.0,115.0,0.0,0.0,115.0,0.0,0.0,0.0,0.0,0.0,0.0,115.0,0.0,0.0,0.0,115.0,0.0,0.0,0.0,0.0,0.0,0.0,115.0,0.0,0.0,0.0,0.0,0.0,115.0,0.0,0.0,0.0,0.0,0.0,115.0,0.0,0.0,0.0,115.0,0.0,0.0,0.0,115.0,0.0,0.0,0.0,115.0,115.0,0.0
M083,0.0,0.0,0.0,65.0,0.0,0.0,0.0,65.0,0.0,0.0,0.0,65.0,0.0,0.0,0.0,65.0,0.0,0.0,0.0,0.0,65.0,0.0,0.0,65.0,65.0,0.0,0.0,0.0,65.0,0.0,0.0,0.0,65.0,0.0,0.0,0.0,65.0,0.0,0.0,0.0,65.0,0.0,0.0,65.0,0.0,0.0,0.0,65.0,0.0,0.0,65.0,0.0,0.0,0.0,65.0,0.0,0.0,65.0,0.0,0.0,0.0,65.0,0.0,0.0,65.0,0.0,0.0,0.0,65.0,0.0,0.0,65.0,0.0,0.0,0.0,65.0,0.0,0.0,65.0,0.0,65.0,0.0,0.0,0.0,65.0,0.0,0.0,65.0,0.0,0.0,0.0,65.0,0.0,0.0,0.0,65.0,0.0,0.0,0.0,0.0
M085,0.0,0.0,115.0,0.0,0.0,0.0,115.0,0.0,0.0,0.0,115.0,0.0,0.0,0.0,115.0,0.0,0.0,0.0,0.0,115.0,0.0,0.0,0.0,115.0,0.0,0.0,0.0,115.0,0.0,0.0,0.0,115.0,0.0,0.0,0.0,115.0,0.0,0.0,0.0,115.0,0.0,0.0,115.0,0.0,0.0,0.0,115.0,0.0,0.0,115.0,0.0,0.0,0.0,115.0,0.0,0.0,115.0,0.0,0.0,0.0,115.0,0.0,0.0,115.0,0.0,0.0,0.0,115.0,0.0,0.0,115.0,0.0,0.0,0.0,115.0,0.0,0.0,115.0,0.0,0.0,115.0,0.0,115.0,0.0,0.0,115.0,115.0,0.0,0.0,0.0,0.0,0.0,0.0,0.0,0.0,0.0,0.0,0.0,0.0,0.0
M086,0.0,0.0,115.0,0.0,0.0,0.0,115.0,0.0,0.0,0.0,115.0,0.0,0.0,0.0,115.0,0.0,0.0,0.0,0.0,115.0,0.0,0.0,0.0,115.0,0.0,0.0,0.0,0.0,0.0,0.0,0.0,115.0,0.0,0.0,0.0,115.0,0.0,0.0,0.0,115.0,0.0,0.0,115.0,0.0,0.0,0.0,0.0,0.0,0.0,115.0,0.0,0.0,0.0,115.0,0.0,0.0,115.0,0.0,0.0,0.0,115.0,0.0,0.0,115.0,0.0,0.0,0.0,115.0,0.0,0.0,115.0,0.0,0.0,0.0,115.0,0.0,0.0,115.0,0.0,0.0,115.0,0.0,115.0,0.0,0.0,115.0,115.0,0.0,0.0,0.0,115.0,0.0,0.0,0.0,115.0,0.0,0.0,0.0,0.0,0.0
M087,0.0,0.0,0.0,0.0,0.0,0.0,115.0,0.0,0.0,0.0,115.0,0.0,0.0,0.0,115.0,0.0,0.0,0.0,0.0,115.0,0.0,0.0,0.0,115.0,0.0,0.0,0.0,115.0,0.0,0.0,0.0,115.0,0.0,0.0,0.0,115.0,0.0,0.0,0.0,115.0,0.0,0.0,115.0,0.0,0.0,0.0,115.0,0.0,0.0,115.0,0.0,0.0,0.0,0.0,0.0,0.0,115.0,0.0,0.0,0.0,115.0,0.0,0.0,115.0,0.0,0.0,0.0,115.0,0.0,0.0,0.0,0.0,0.0,0.0,115.0,0.0,0.0,115.0,0.0,0.0,115.0,0.0,115.0,0.0,0.0,0.0,115.0,0.0,0.0,0.0,0.0,0.0,0.0,0.0,115.0,0.0,0.0,0.0,0.0,0.0
M090,0.0,65.0,0.0,0.0,0.0,65.0,0.0,0.0,0.0,0.0,0.0,0.0,0.0,0.0,0.0,0.0,0.0,0.0,65.0,0.0,0.0,0.0,65.0,0.0,0.0,0.0,65.0,0.0,0.0,0.0,0.0,0.0,0.0,0.0,65.0,0.0,0.0,0.0,65.0,0.0,0.0,65.0,0.0,0.0,0.0,0.0,0.0,0.0,0.0,0.0,0.0,0.0,65.0,0.0,0.0,65.0,0.0,0.0,0.0,0.0,0.0,0.0,0.0,0.0,0.0,0.0,0.0,0.0,0.0,0.0,0.0,0.0,0.0,0.0,0.0,0.0,0.0,0.0,0.0,0.0,0.0,0.0,0.0,0.0,0.0,0.0,0.0,0.0,0.0,0.0,0.0,0.0,0.0,0.0,0.0,0.0,0.0,0.0,0.0,0.0
M091,2015.0,0.0,0.0,0.0,2015.0,0.0,0.0,0.0,2015.0,0.0,0.0,0.0,2015.0,0.0,0.0,0.0,2015.0,0.0,0.0,0.0,0.0,2015.0,0.0,0.0,0.0,2015.0,0.0,0.0,0.0,2015.0,0.0,0.0,0.0,2015.0,0.0,0.0,0.0,2015.0,0.0,0.0,0.0,0.0,0.0,0.0,2015.0,0.0,0.0,2015.0,0.0,0.0,0.0,2015.0,0.0,0.0,2015.0,0.0,0.0,0.0,2015.0,0.0,0.0,2015.0,0.0,0.0,0.0,2015.0,0.0,0.0,2015.0,0.0,0.0,0.0,2015.0,0.0,0.0,0.0,2015.0,0.0,2015.0,0.0,0.0,2015.0,0.0,0.0,2015.0,0.0,0.0,0.0,2015.0,0.0,0.0,0.0,2015.0,0.0,0.0,0.0,2015.0,0.0,0.0,0.0
M093,0.0,215.0,0.0,0.0,0.0,215.0,0.0,0.0,0.0,215.0,0.0,0.0,0.0,215.0,0.0,0.0,0.0,0.0,215.0,0.0,0.0,0.0,215.0,0.0,0.0,0.0,215.0,0.0,0.0,0.0,215.0,0.0,0.0,0.0,215.0,0.0,0.0,0.0,215.0,0.0,0.0,215.0,0.0,0.0,0.0,215.0,0.0,0.0,215.0,0.0,0.0,0.0,215.0,0.0,0.0,215.0,0.0,0.0,0.0,215.0,0.0,0.0,215.0,0.0,0.0,0.0,215.0,0.0,0.0,215.0,0.0,0.0,0.0,215.0,0.0,0.0,0.0,215.0,0.0,215.0,0.0,0.0,0.0,215.0,0.0,215.0,215.0,0.0,0.0,215.0,0.0,0.0,0.0,215.0,0.0,0.0,0.0,215.0,215.0,0.0
M094,0.0,0.0,0.0,0.0,0.0,0.0,0.0,0.0,65.0,0.0,0.0,0.0,0.0,0.0,0.0,0.0,0.0,0.0,0.0,0.0,0.0,65.0,0.0,0.0,0.0,65.0,0.0,0.0,0.0,0.0,0.0,0.0,0.0,65.0,0.0,0.0,0.0,0.0,0.0,0.0,0.0,0.0,0.0,0.0,65.0,0.0,0.0,0.0,0.0,0.0,0.0,0.0,0.0,0.0,0.0,0.0,0.0,0.0,0.0,0.0,0.0,0.0,0.0,0.0,0.0,0.0,0.0,0.0,0.0,0.0,0.0,0.0,0.0,0.0,0.0,0.0,0.0,0.0,0.0,0.0,0.0,0.0,0.0,0.0,0.0,0.0,0.0,0.0,0.0,0.0,0.0,0.0,0.0,0.0,0.0,0.0,0.0,0.0,0.0,0.0
M095,0.0,0.0,0.0,0.0,0.0,0.0,0.0,0.0,0.0,0.0,0.0,0.0,0.0,0.0,0.0,0.0,0.0,0.0,0.0,0.0,115.0,0.0,0.0,115.0,115.0,0.0,0.0,0.0,0.0,0.0,0.0,0.0,0.0,0.0,0.0,0.0,0.0,0.0,0.0,0.0,0.0,0.0,0.0,0.0,0.0,0.0,0.0,0.0,0.0,0.0,0.0,0.0,0.0,0.0,0.0,0.0,0.0,0.0,0.0,0.0,0.0,115.0,0.0,0.0,115.0,0.0,0.0,0.0,115.0,0.0,0.0,115.0,0.0,0.0,0.0,115.0,0.0,0.0,115.0,0.0,115.0,0.0,0.0,0.0,115.0,0.0,0.0,115.0,0.0,0.0,0.0,0.0,0.0,0.0,0.0,0.0,0.0,0.0,0.0,0.0
M096,0.0,0.0,115.0,0.0,0.0,0.0,115.0,0.0,0.0,0.0,115.0,0.0,0.0,0.0,115.0,0.0,0.0,0.0,0.0,115.0,0.0,0.0,0.0,115.0,0.0,0.0,0.0,115.0,0.0,0.0,0.0,115.0,0.0,0.0,0.0,115.0,0.0,0.0,0.0,115.0,0.0,0.0,115.0,0.0,0.0,0.0,115.0,0.0,0.0,115.0,0.0,0.0,0.0,115.0,0.0,0.0,115.0,0.0,0.0,0.0,0.0,0.0,0.0,115.0,0.0,0.0,0.0,115.0,0.0,0.0,115.0,0.0,0.0,0.0,115.0,0.0,0.0,115.0,0.0,0.0,115.0,0.0,115.0,0.0,0.0,115.0,115.0,0.0,0.0,0.0,115.0,0.0,0.0,0.0,115.0,0.0,0.0,0.0,0.0,0.0
M098,115.0,0.0,0.0,0.0,115.0,0.0,0.0,0.0,115.0,0.0,0.0,0.0,115.0,0.0,0.0,0.0,115.0,0.0,0.0,0.0,0.0,0.0,0.0,0.0,0.0,0.0,0.0,0.0,0.0,0.0,0.0,0.0,0.0,0.0,0.0,0.0,0.0,0.0,0.0,0.0,0.0,0.0,0.0,0.0,0.0,0.0,0.0,0.0,0.0,0.0,0.0,0.0,0.0,0.0,0.0,0.0,0.0,0.0,0.0,0.0,0.0,0.0,0.0,0.0,0.0,0.0,0.0,0.0,0.0,0.0,0.0,0.0,0.0,0.0,0.0,0.0,0.0,0.0,0.0,0.0,0.0,0.0,0.0,0.0,0.0,0.0,0.0,0.0,0.0,0.0,0.0,0.0,0.0,0.0,0.0,0.0,0.0,0.0,0.0,0.0
M099,0.0,0.0,265.0,0.0,0.0,0.0,265.0,0.0,0.0,0.0,265.0,0.0,0.0,0.0,265.0,0.0,0.0,0.0,0.0,265.0,0.0,0.0,0.0,265.0,0.0,0.0,0.0,265.0,0.0,0.0,0.0,265.0,0.0,0.0,0.0,265.0,0.0,0.0,0.0,265.0,0.0,0.0,265.0,0.0,0.0,0.0,265.0,0.0,0.0,265.0,0.0,0.0,0.0,265.0,0.0,0.0,265.0,0.0,0.0,0.0,265.0,0.0,0.0,265.0,0.0,0.0,0.0,265.0,0.0,0.0,265.0,0.0,0.0,0.0,265.0,0.0,0.0,265.0,0.0,0.0,265.0,0.0,265.0,0.0,0.0,265.0,265.0,0.0,0.0,0.0,265.0,0.0,0.0,0.0,265.0,0.0,0.0,0.0,0.0,0.0
M100,0.0,0.0,215.0,0.0,0.0,0.0,0.0,0.0,0.0,0.0,0.0,0.0,0.0,0.0,0.0,0.0,0.0,0.0,0.0,0.0,0.0,0.0,0.0,0.0,0.0,0.0,0.0,0.0,0.0,0.0,0.0,0.0,0.0,0.0,0.0,0.0,0.0,0.0,0.0,0.0,0.0,0.0,0.0,0.0,0.0,0.0,0.0,0.0,0.0,0.0,0.0,0.0,0.0,0.0,0.0,0.0,0.0,0.0,0.0,0.0,0.0,0.0,0.0,0.0,0.0,0.0,0.0,0.0,0.0,0.0,215.0,0.0,0.0,0.0,215.0,0.0,0.0,215.0,0.0,0.0,0.0,0.0,0.0,0.0,0.0,215.0,215.0,0.0,0.0,0.0,0.0,0.0,0.0,0.0,0.0,0.0,0.0,0.0,0.0,0.0
M101,515.0,0.0,0.0,0.0,515.0,0.0,0.0,0.0,515.0,0.0,0.0,0.0,515.0,0.0,0.0,0.0,0.0,0.0,0.0,0.0,0.0,515.0,0.0,0.0,0.0,515.0,0.0,0.0,0.0,515.0,0.0,0.0,0.0,515.0,0.0,0.0,0.0,515.0,0.0,0.0,0.0,0.0,0.0,0.0,515.0,0.0,0.0,515.0,0.0,0.0,0.0,515.0,0.0,0.0,515.0,0.0,0.0,0.0,515.0,0.0,0.0,515.0,0.0,0.0,0.0,515.0,0.0,0.0,515.0,0.0,0.0,0.0,515.0,0.0,0.0,0.0,515.0,0.0,0.0,0.0,0.0,515.0,0.0,0.0,515.0,0.0,0.0,0.0,515.0,0.0,0.0,0.0,515.0,0.0,0.0,0.0,515.0,0.0,0.0,515.0
M103,0.0,0.0,0.0,215.0,0.0,0.0,0.0,215.0,0.0,0.0,0.0,215.0,0.0,0.0,0.0,215.0,0.0,0.0,0.0,0.0,215.0,0.0,0.0,215.0,215.0,0.0,0.0,0.0,215.0,0.0,0.0,0.0,215.0,0.0,0.0,0.0,215.0,0.0,0.0,0.0,215.0,0.0,0.0,215.0,0.0,0.0,0.0,215.0,0.0,0.0,215.0,0.0,0.0,0.0,215.0,0.0,0.0,215.0,0.0,0.0,0.0,215.0,0.0,0.0,215.0,0.0,0.0,0.0,0.0,0.0,0.0,0.0,0.0,0.0,0.0,0.0,0.0,0.0,0.0,0.0,0.0,0.0,0.0,0.0,0.0,0.0,0.0,0.0,0.0,0.0,0.0,0.0,0.0,0.0,0.0,215.0,0.0,0.0,0.0,0.0
M104,0.0,65.0,0.0,0.0,0.0,65.0,0.0,0.0,0.0,65.0,0.0,0.0,0.0,65.0,0.0,0.0,0.0,0.0,65.0,0.0,0.0,0.0,0.0,0.0,0.0,0.0,65.0,0.0,0.0,0.0,0.0,0.0,0.0,0.0,0.0,0.0,0.0,0.0,65.0,0.0,0.0,65.0,0.0,0.0,0.0,65.0,0.0,0.0,65.0,0.0,0.0,0.0,0.0,0.0,0.0,0.0,0.0,0.0,0.0,65.0,0.0,0.0,0.0,0.0,0.0,0.0,0.0,0.0,0.0,65.0,0.0,0.0,0.0,0.0,0.0,0.0,0.0,0.0,0.0,0.0,0.0,0.0,0.0,0.0,0.0,0.0,0.0,0.0,0.0,0.0,0.0,0.0,0.0,0.0,0.0,0.0,0.0,0.0,0.0,0.0
M105,415.0,0.0,0.0,0.0,415.0,0.0,0.0,0.0,415.0,0.0,0.0,0.0,415.0,0.0,0.0,0.0,415.0,0.0,0.0,0.0,0.0,415.0,0.0,0.0,0.0,415.0,0.0,0.0,0.0,115.0,0.0,0.0,0.0,115.0,0.0,0.0,0.0,0.0,0.0,0.0,0.0,0.0,0.0,0.0,115.0,0.0,0.0,115.0,0.0,0.0,0.0,115.0,0.0,0.0,115.0,0.0,0.0,0.0,115.0,0.0,0.0,115.0,0.0,0.0,0.0,0.0,0.0,0.0,0.0,0.0,0.0,0.0,0.0,0.0,0.0,0.0,0.0,0.0,0.0,0.0,0.0,0.0,0.0,0.0,0.0,0.0,0.0,0.0,0.0,0.0,0.0,0.0,0.0,0.0,0.0,0.0,0.0,0.0,0.0,0.0
M107,0.0,115.0,0.0,0.0,0.0,115.0,0.0,0.0,0.0,115.0,0.0,0.0,0.0,115.0,0.0,0.0,0.0,0.0,115.0,0.0,0.0,0.0,115.0,0.0,0.0,0.0,115.0,0.0,0.0,0.0,115.0,0.0,0.0,0.0,115.0,0.0,0.0,0.0,115.0,0.0,0.0,115.0,0.0,0.0,0.0,115.0,0.0,0.0,115.0,0.0,0.0,0.0,115.0,0.0,0.0,115.0,0.0,0.0,0.0,115.0,0.0,0.0,115.0,0.0,0.0,0.0,115.0,0.0,0.0,115.0,0.0,0.0,0.0,115.0,0.0,0.0,0.0,115.0,0.0,115.0,0.0,0.0,0.0,115.0,0.0,115.0,115.0,0.0,0.0,115.0,0.0,0.0,0.0,115.0,0.0,0.0,0.0,115.0,115.0,0.0
M108,0.0,0.0,0.0,0.0,0.0,0.0,0.0,0.0,0.0,0.0,0.0,0.0,0.0,0.0,0.0,0.0,0.0,0.0,0.0,0.0,0.0,0.0,0.0,0.0,0.0,0.0,0.0,0.0,0.0,0.0,0.0,0.0,0.0,0.0,0.0,0.0,0.0,0.0,0.0,115.0,0.0,0.0,115.0,0.0,0.0,0.0,0.0,0.0,0.0,0.0,0.0,0.0,0.0,0.0,0.0,0.0,115.0,0.0,0.0,0.0,115.0,0.0,0.0,0.0,0.0,0.0,0.0,115.0,0.0,0.0,115.0,0.0,0.0,0.0,115.0,0.0,0.0,115.0,0.0,0.0,0.0,0.0,0.0,0.0,0.0,0.0,0.0,0.0,0.0,0.0,0.0,0.0,0.0,0.0,0.0,0.0,0.0,0.0,0.0,0.0
M109,0.0,0.0,115.0,0.0,0.0,0.0,115.0,0.0,0.0,0.0,115.0,0.0,0.0,0.0,115.0,0.0,0.0,0.0,0.0,115.0,0.0,0.0,0.0,115.0,0.0,0.0,0.0,115.0,0.0,0.0,0.0,115.0,0.0,0.0,0.0,115.0,0.0,0.0,0.0,115.0,0.0,0.0,115.0,0.0,0.0,0.0,115.0,0.0,0.0,115.0,0.0,0.0,0.0,115.0,0.0,0.0,115.0,0.0,0.0,0.0,115.0,0.0,0.0,115.0,0.0,0.0,0.0,115.0,0.0,0.0,115.0,0.0,0.0,0.0,115.0,0.0,0.0,115.0,0.0,0.0,115.0,0.0,115.0,0.0,0.0,115.0,115.0,0.0,0.0,0.0,115.0,0.0,0.0,0.0,115.0,0.0,0.0,0.0,0.0,0.0
M110,65.0,0.0,0.0,0.0,65.0,0.0,0.0,0.0,65.0,0.0,0.0,0.0,65.0,0.0,0.0,0.0,65.0,0.0,0.0,0.0,0.0,65.0,0.0,0.0,0.0,65.0,0.0,0.0,0.0,65.0,0.0,0.0,0.0,65.0,0.0,0.0,0.0,65.0,0.0,0.0,65.0,0.0,0.0,0.0,65.0,0.0,0.0,65.0,0.0,0.0,0.0,65.0,0.0,0.0,65.0,0.0,0.0,0.0,65.0,0.0,0.0,65.0,0.0,0.0,0.0,65.0,0.0,0.0,65.0,0.0,0.0,0.0,65.0,0.0,0.0,0.0,65.0,0.0,65.0,0.0,0.0,65.0,0.0,0.0,65.0,0.0,0.0,0.0,65.0,0.0,0.0,0.0,65.0,0.0,0.0,0.0,65.0,0.0,0.0,65.0
M111,0.0,0.0,0.0,65.0,0.0,0.0,0.0,65.0,0.0,0.0,0.0,65.0,0.0,0.0,0.0,65.0,0.0,0.0,0.0,0.0,65.0,0.0,0.0,65.0,65.0,0.0,0.0,0.0,65.0,0.0,0.0,0.0,65.0,0.0,0.0,0.0,65.0,0.0,0.0,0.0,65.0,0.0,0.0,65.0,0.0,0.0,0.0,65.0,0.0,0.0,65.0,0.0,0.0,0.0,65.0,0.0,0.0,65.0,0.0,0.0,0.0,65.0,0.0,0.0,65.0,0.0,0.0,0.0,65.0,0.0,0.0,65.0,0.0,0.0,0.0,65.0,0.0,0.0,65.0,0.0,65.0,0.0,0.0,0.0,65.0,0.0,0.0,65.0,0.0,0.0,0.0,65.0,0.0,0.0,0.0,65.0,0.0,0.0,0.0,0.0
M112,0.0,0.0,0.0,0.0,0.0,0.0,0.0,0.0,0.0,0.0,0.0,165.0,0.0,0.0,0.0,165.0,0.0,0.0,0.0,0.0,0.0,0.0,0.0,0.0,0.0,0.0,0.0,0.0,1015.0,0.0,0.0,0.0,1015.0,0.0,0.0,0.0,0.0,0.0,0.0,0.0,0.0,0.0,0.0,0.0,0.0,0.0,0.0,0.0,0.0,0.0,0.0,0.0,0.0,0.0,0.0,0.0,0.0,0.0,0.0,0.0,0.0,0.0,0.0,0.0,0.0,0.0,0.0,0.0,1015.0,0.0,0.0,0.0,0.0,0.0,0.0,0.0,0.0,0.0,0.0,0.0,0.0,0.0,0.0,0.0,0.0,0.0,0.0,0.0,0.0,0.0,0.0,0.0,0.0,0.0,0.0,0.0,0.0,0.0,0.0,0.0
M113,65.0,0.0,0.0,0.0,0.0,0.0,0.0,0.0,0.0,0.0,0.0,0.0,0.0,0.0,0.0,0.0,0.0,0.0,0.0,0.0,0.0,0.0,0.0,0.0,0.0,0.0,0.0,0.0,0.0,0.0,0.0,0.0,0.0,0.0,0.0,0.0,0.0,65.0,0.0,0.0,0.0,0.0,0.0,0.0,65.0,0.0,0.0,65.0,0.0,0.0,0.0,65.0,0.0,0.0,65.0,0.0,0.0,0.0,65.0,0.0,0.0,65.0,0.0,0.0,0.0,65.0,0.0,0.0,65.0,0.0,0.0,0.0,65.0,0.0,0.0,0.0,65.0,0.0,0.0,0.0,0.0,0.0,0.0,0.0,0.0,0.0,0.0,0.0,0.0,0.0,0.0,0.0,0.0,0.0,0.0,0.0,0.0,0.0,0.0,0.0
M114,0.0,0.0,0.0,0.0,0.0,0.0,0.0,0.0,0.0,0.0,215.0,0.0,0.0,0.0,0.0,0.0,0.0,0.0,0.0,215.0,0.0,0.0,0.0,0.0,0.0,0.0,0.0,215.0,0.0,0.0,0.0,215.0,0.0,0.0,0.0,215.0,0.0,0.0,0.0,0.0,0.0,0.0,0.0,0.0,0.0,0.0,0.0,0.0,0.0,215.0,0.0,0.0,0.0,215.0,0.0,0.0,215.0,0.0,0.0,0.0,215.0,0.0,0.0,215.0,0.0,0.0,0.0,215.0,0.0,0.0,0.0,0.0,0.0,0.0,215.0,0.0,0.0,215.0,0.0,0.0,0.0,0.0,215.0,0.0,0.0,215.0,215.0,0.0,0.0,0.0,215.0,0.0,0.0,0.0,215.0,0.0,0.0,0.0,0.0,0.0
M115,0.0,0.0,0.0,115.0,0.0,0.0,0.0,115.0,0.0,0.0,0.0,115.0,0.0,0.0,0.0,115.0,0.0,0.0,0.0,0.0,115.0,0.0,0.0,115.0,115.0,0.0,0.0,0.0,115.0,0.0,0.0,0.0,115.0,0.0,0.0,0.0,115.0,0.0,0.0,0.0,115.0,0.0,0.0,115.0,0.0,0.0,0.0,115.0,0.0,0.0,115.0,0.0,0.0,0.0,115.0,0.0,0.0,115.0,0.0,0.0,0.0,115.0,0.0,0.0,115.0,0.0,0.0,0.0,115.0,0.0,0.0,115.0,0.0,0.0,0.0,115.0,0.0,0.0,115.0,0.0,115.0,0.0,0.0,0.0,115.0,0.0,0.0,115.0,0.0,0.0,0.0,115.0,0.0,0.0,0.0,115.0,0.0,0.0,0.0,0.0
M116,0.0,0.0,115.0,0.0,0.0,0.0,0.0,0.0,0.0,0.0,115.0,0.0,0.0,0.0,115.0,0.0,0.0,0.0,0.0,115.0,0.0,0.0,0.0,115.0,0.0,0.0,0.0,115.0,0.0,0.0,0.0,115.0,0.0,0.0,0.0,115.0,0.0,0.0,0.0,115.0,0.0,0.0,115.0,0.0,0.0,0.0,0.0,0.0,0.0,115.0,0.0,0.0,0.0,115.0,0.0,0.0,115.0,0.0,0.0,0.0,115.0,0.0,0.0,115.0,0.0,0.0,0.0,115.0,0.0,0.0,115.0,0.0,0.0,0.0,115.0,0.0,0.0,115.0,0.0,0.0,115.0,0.0,115.0,0.0,0.0,115.0,115.0,0.0,0.0,0.0,115.0,0.0,0.0,0.0,115.0,0.0,0.0,0.0,0.0,0.0
M118,0.0,0.0,0.0,0.0,115.0,0.0,0.0,0.0,0.0,0.0,0.0,0.0,115.0,0.0,0.0,0.0,115.0,0.0,0.0,0.0,0.0,0.0,0.0,0.0,0.0,0.0,0.0,0.0,0.0,0.0,0.0,0.0,0.0,0.0,0.0,0.0,0.0,0.0,0.0,0.0,0.0,0.0,0.0,0.0,0.0,0.0,0.0,0.0,0.0,0.0,0.0,115.0,0.0,0.0,115.0,0.0,0.0,0.0,0.0,0.0,0.0,0.0,0.0,0.0,0.0,0.0,0.0,0.0,0.0,0.0,0.0,0.0,0.0,0.0,0.0,0.0,0.0,0.0,0.0,0.0,0.0,115.0,0.0,0.0,0.0,0.0,0.0,0.0,115.0,0.0,0.0,0.0,0.0,0.0,0.0,0.0,0.0,0.0,0.0,0.0
M119,0.0,0.0,0.0,0.0,265.0,0.0,0.0,0.0,265.0,0.0,0.0,0.0,0.0,0.0,0.0,0.0,0.0,0.0,0.0,0.0,0.0,0.0,0.0,0.0,0.0,0.0,0.0,0.0,0.0,265.0,0.0,0.0,0.0,0.0,0.0,0.0,0.0,0.0,0.0,0.0,0.0,0.0,0.0,0.0,265.0,0.0,0.0,265.0,0.0,0.0,0.0,0.0,0.0,0.0,265.0,0.0,0.0,0.0,265.0,0.0,0.0,0.0,0.0,0.0,0.0,0.0,0.0,0.0,0.0,0.0,0.0,0.0,0.0,0.0,0.0,0.0,265.0,0.0,0.0,0.0,0.0,0.0,0.0,0.0,265.0,0.0,0.0,0.0,0.0,0.0,0.0,0.0,0.0,0.0,0.0,0.0,0.0,0.0,0.0,0.0
M120,0.0,0.0,215.0,0.0,0.0,0.0,215.0,0.0,0.0,0.0,215.0,0.0,0.0,0.0,215.0,0.0,0.0,0.0,0.0,215.0,0.0,0.0,0.0,215.0,0.0,0.0,0.0,215.0,0.0,0.0,0.0,215.0,0.0,0.0,0.0,215.0,0.0,0.0,0.0,215.0,0.0,0.0,215.0,0.0,0.0,0.0,215.0,0.0,0.0,215.0,0.0,0.0,0.0,215.0,0.0,0.0,215.0,0.0,0.0,0.0,215.0,0.0,0.0,215.0,0.0,0.0,0.0,215.0,0.0,0.0,215.0,0.0,0.0,0.0,215.0,0.0,0.0,215.0,0.0,0.0,215.0,0.0,215.0,0.0,0.0,215.0,215.0,0.0,0.0,0.0,215.0,0.0,0.0,0.0,215.0,0.0,0.0,0.0,0.0,0.0
M121,0.0,0.0,0.0,165.0,0.0,0.0,0.0,165.0,0.0,0.0,0.0,165.0,0.0,0.0,0.0,165.0,0.0,0.0,0.0,0.0,165.0,0.0,0.0,115.0,165.0,0.0,0.0,0.0,165.0,0.0,0.0,0.0,165.0,0.0,0.0,0.0,165.0,0.0,0.0,0.0,0.0,0.0,0.0,165.0,0.0,0.0,0.0,165.0,0.0,0.0,165.0,0.0,0.0,0.0,165.0,0.0,0.0,165.0,0.0,0.0,0.0,165.0,0.0,0.0,165.0,0.0,0.0,0.0,165.0,0.0,0.0,165.0,0.0,0.0,0.0,165.0,0.0,0.0,0.0,0.0,165.0,0.0,0.0,0.0,165.0,0.0,0.0,165.0,0.0,0.0,0.0,165.0,0.0,0.0,0.0,165.0,0.0,0.0,0.0,0.0
M122,0.0,0.0,115.0,0.0,0.0,0.0,115.0,0.0,0.0,0.0,115.0,0.0,0.0,0.0,115.0,0.0,0.0,0.0,0.0,0.0,0.0,0.0,0.0,115.0,0.0,0.0,0.0,115.0,0.0,0.0,0.0,115.0,0.0,0.0,0.0,115.0,0.0,0.0,0.0,115.0,0.0,0.0,115.0,0.0,0.0,0.0,115.0,0.0,0.0,115.0,0.0,0.0,0.0,115.0,0.0,0.0,115.0,0.0,0.0,0.0,115.0,0.0,0.0,115.0,0.0,0.0,0.0,115.0,0.0,0.0,115.0,0.0,0.0,0.0,115.0,0.0,0.0,115.0,0.0,0.0,115.0,0.0,115.0,0.0,0.0,115.0,0.0,0.0,0.0,0.0,115.0,0.0,0.0,0.0,115.0,0.0,0.0,0.0,0.0,0.0
M123,0.0,0.0,0.0,65.0,0.0,0.0,0.0,65.0,0.0,0.0,0.0,65.0,0.0,0.0,0.0,65.0,0.0,0.0,0.0,0.0,65.0,0.0,0.0,0.0,65.0,0.0,0.0,0.0,65.0,0.0,0.0,0.0,65.0,0.0,0.0,0.0,65.0,0.0,0.0,0.0,65.0,0.0,0.0,65.0,0.0,0.0,0.0,65.0,0.0,0.0,65.0,0.0,0.0,0.0,65.0,0.0,0.0,65.0,0.0,0.0,0.0,65.0,0.0,0.0,65.0,0.0,0.0,0.0,65.0,0.0,0.0,65.0,0.0,0.0,0.0,65.0,0.0,0.0,65.0,0.0,65.0,0.0,0.0,0.0,65.0,0.0,0.0,65.0,0.0,0.0,0.0,65.0,0.0,0.0,0.0,65.0,0.0,0.0,0.0,0.0
M124,65.0,0.0,0.0,0.0,65.0,0.0,0.0,0.0,65.0,0.0,0.0,0.0,65.0,0.0,0.0,0.0,65.0,0.0,0.0,0.0,0.0,65.0,0.0,0.0,0.0,65.0,0.0,0.0,0.0,65.0,0.0,0.0,0.0,65.0,0.0,0.0,0.0,65.0,0.0,0.0,0.0,0.0,0.0,0.0,65.0,0.0,0.0,65.0,0.0,0.0,0.0,65.0,0.0,0.0,65.0,0.0,0.0,0.0,65.0,0.0,0.0,65.0,0.0,0.0,0.0,65.0,0.0,0.0,65.0,0.0,0.0,0.0,65.0,0.0,0.0,0.0,65.0,0.0,0.0,0.0,0.0,0.0,0.0,0.0,0.0,0.0,0.0,0.0,0.0,0.0,0.0,0.0,0.0,0.0,0.0,0.0,0.0,0.0,0.0,0.0
M125,115.0,0.0,0.0,0.0,115.0,0.0,0.0,0.0,0.0,0.0,0.0,0.0,0.0,0.0,0.0,0.0,115.0,0.0,0.0,0.0,0.0,115.0,0.0,0.0,0.0,0.0,0.0,0.0,0.0,115.0,0.0,0.0,0.0,115.0,0.0,0.0,0.0,0.0,0.0,0.0,0.0,0.0,0.0,0.0,115.0,0.0,0.0,115.0,0.0,0.0,0.0,115.0,0.0,0.0,115.0,0.0,0.0,0.0,115.0,0.0,0.0,0.0,0.0,0.0,0.0,115.0,0.0,0.0,115.0,0.0,0.0,0.0,115.0,0.0,0.0,0.0,115.0,0.0,0.0,0.0,0.0,0.0,0.0,0.0,0.0,0.0,0.0,0.0,0.0,0.0,0.0,0.0,0.0,0.0,0.0,0.0,0.0,0.0,0.0,0.0
M126,1015.0,0.0,0.0,0.0,1015.0,0.0,0.0,0.0,1015.0,0.0,0.0,0.0,1015.0,0.0,0.0,0.0,1015.0,0.0,0.0,0.0,0.0,1015.0,0.0,0.0,0.0,1015.0,0.0,0.0,0.0,1015.0,0.0,0.0,0.0,1015.0,0.0,0.0,0.0,1015.0,0.0,0.0,1015.0,0.0,0.0,0.0,1015.0,0.0,0.0,1015.0,0.0,0.0,0.0,1015.0,0.0,0.0,1015.0,0.0,0.0,0.0,1015.0,0.0,0.0,1015.0,0.0,0.0,0.0,1015.0,0.0,0.0,1015.0,0.0,0.0,0.0,1015.0,0.0,0.0,0.0,0.0,0.0,0.0,0.0,0.0,0.0,0.0,0.0,0.0,0.0,0.0,0.0,0.0,0.0,0.0,0.0,0.0,0.0,0.0,0.0,0.0,0.0,0.0,0.0
M127,0.0,215.0,0.0,0.0,0.0,215.0,0.0,0.0,0.0,215.0,0.0,0.0,0.0,215.0,0.0,0.0,0.0,0.0,215.0,0.0,0.0,0.0,215.0,0.0,0.0,0.0,215.0,0.0,0.0,0.0,215.0,0.0,0.0,0.0,215.0,0.0,0.0,0.0,215.0,0.0,0.0,215.0,0.0,0.0,0.0,215.0,0.0,0.0,215.0,0.0,0.0,0.0,215.0,0.0,0.0,215.0,0.0,0.0,0.0,215.0,0.0,0.0,215.0,0.0,0.0,0.0,215.0,0.0,0.0,215.0,0.0,0.0,0.0,215.0,0.0,0.0,0.0,215.0,0.0,215.0,0.0,0.0,0.0,215.0,0.0,215.0,215.0,0.0,0.0,215.0,0.0,0.0,0.0,215.0,0.0,0.0,0.0,215.0,215.0,0.0
M128,0.0,0.0,0.0,0.0,0.0,0.0,0.0,0.0,0.0,0.0,0.0,0.0,0.0,0.0,0.0,0.0,0.0,0.0,0.0,0.0,0.0,0.0,0.0,0.0,0.0,0.0,0.0,0.0,0.0,0.0,0.0,0.0,0.0,0.0,115.0,0.0,0.0,0.0,115.0,0.0,0.0,115.0,0.0,0.0,0.0,115.0,0.0,0.0,115.0,0.0,0.0,0.0,115.0,0.0,0.0,115.0,0.0,0.0,0.0,115.0,0.0,0.0,115.0,0.0,0.0,0.0,115.0,0.0,0.0,115.0,0.0,0.0,0.0,115.0,0.0,0.0,0.0,115.0,0.0,115.0,0.0,0.0,0.0,115.0,0.0,115.0,115.0,0.0,0.0,115.0,0.0,0.0,0.0,115.0,0.0,0.0,0.0,115.0,115.0,0.0
M129,0.0,0.0,0.0,0.0,0.0,0.0,0.0,0.0,0.0,0.0,0.0,0.0,0.0,0.0,0.0,0.0,0.0,0.0,0.0,0.0,0.0,0.0,0.0,0.0,0.0,0.0,0.0,0.0,0.0,0.0,0.0,0.0,0.0,0.0,0.0,0.0,0.0,0.0,0.0,265.0,0.0,0.0,0.0,0.0,0.0,0.0,0.0,0.0,0.0,0.0,0.0,0.0,0.0,265.0,0.0,0.0,265.0,0.0,0.0,0.0,265.0,0.0,0.0,0.0,0.0,0.0,0.0,265.0,0.0,0.0,265.0,0.0,0.0,0.0,265.0,0.0,0.0,0.0,0.0,0.0,265.0,0.0,265.0,0.0,0.0,0.0,0.0,0.0,0.0,0.0,0.0,0.0,0.0,0.0,0.0,0.0,0.0,0.0,0.0,0.0
M131,0.0,0.0,0.0,65.0,0.0,0.0,0.0,65.0,0.0,0.0,0.0,65.0,0.0,0.0,0.0,65.0,0.0,0.0,0.0,0.0,65.0,0.0,0.0,65.0,65.0,0.0,0.0,0.0,65.0,0.0,0.0,0.0,65.0,0.0,0.0,0.0,65.0,0.0,0.0,0.0,65.0,0.0,0.0,65.0,0.0,0.0,0.0,65.0,0.0,0.0,65.0,0.0,0.0,0.0,65.0,0.0,0.0,65.0,0.0,0.0,0.0,65.0,0.0,0.0,65.0,0.0,0.0,0.0,65.0,0.0,0.0,65.0,0.0,0.0,0.0,65.0,0.0,0.0,65.0,0.0,65.0,0.0,0.0,0.0,65.0,0.0,0.0,65.0,0.0,0.0,0.0,65.0,0.0,0.0,0.0,65.0,0.0,0.0,0.0,0.0
M132,0.0,0.0,0.0,0.0,0.0,0.0,0.0,265.0,0.0,0.0,0.0,0.0,0.0,0.0,0.0,0.0,0.0,0.0,0.0,0.0,0.0,0.0,0.0,265.0,0.0,0.0,0.0,0.0,0.0,0.0,0.0,0.0,0.0,0.0,0.0,0.0,0.0,0.0,0.0,0.0,0.0,0.0,0.0,0.0,0.0,0.0,0.0,0.0,0.0,0.0,0.0,0.0,0.0,0.0,0.0,0.0,0.0,0.0,0.0,0.0,0.0,0.0,0.0,0.0,0.0,0.0,0.0,0.0,0.0,0.0,0.0,0.0,0.0,0.0,0.0,0.0,0.0,0.0,0.0,0.0,0.0,0.0,0.0,0.0,0.0,0.0,0.0,0.0,0.0,0.0,0.0,0.0,0.0,0.0,0.0,0.0,0.0,0.0,0.0,0.0
M135,0.0,0.0,115.0,0.0,0.0,0.0,115.0,0.0,0.0,0.0,115.0,0.0,0.0,0.0,115.0,0.0,0.0,0.0,0.0,115.0,0.0,0.0,0.0,115.0,0.0,0.0,0.0,115.0,0.0,0.0,0.0,115.0,0.0,0.0,0.0,115.0,0.0,0.0,0.0,115.0,0.0,0.0,115.0,0.0,0.0,0.0,0.0,0.0,0.0,115.0,0.0,0.0,0.0,115.0,0.0,0.0,115.0,0.0,0.0,0.0,115.0,0.0,0.0,115.0,0.0,0.0,0.0,115.0,0.0,0.0,115.0,0.0,0.0,0.0,115.0,0.0,0.0,115.0,0.0,0.0,115.0,0.0,115.0,0.0,0.0,115.0,115.0,0.0,0.0,0.0,115.0,0.0,0.0,0.0,115.0,0.0,0.0,0.0,0.0,0.0
M136,515.0,0.0,0.0,0.0,515.0,0.0,0.0,0.0,515.0,0.0,0.0,0.0,515.0,0.0,0.0,0.0,0.0,0.0,0.0,0.0,0.0,0.0,0.0,0.0,0.0,0.0,0.0,0.0,0.0,0.0,0.0,0.0,0.0,0.0,0.0,0.0,0.0,0.0,0.0,0.0,0.0,0.0,0.0,0.0,0.0,0.0,0.0,0.0,0.0,0.0,0.0,0.0,0.0,0.0,0.0,0.0,0.0,0.0,0.0,0.0,0.0,0.0,0.0,0.0,0.0,0.0,0.0,0.0,0.0,0.0,0.0,0.0,0.0,0.0,0.0,0.0,0.0,0.0,0.0,0.0,0.0,0.0,0.0,0.0,0.0,0.0,0.0,0.0,0.0,0.0,0.0,0.0,0.0,0.0,0.0,0.0,0.0,0.0,0.0,0.0
M137,0.0,0.0,0.0,115.0,0.0,0.0,0.0,115.0,0.0,0.0,0.0,115.0,0.0,0.0,0.0,115.0,0.0,0.0,0.0,0.0,115.0,0.0,0.0,115.0,115.0,0.0,0.0,0.0,115.0,0.0,0.0,0.0,115.0,0.0,0.0,0.0,115.0,0.0,0.0,0.0,115.0,0.0,0.0,115.0,0.0,0.0,0.0,115.0,0.0,0.0,115.0,0.0,0.0,0.0,115.0,0.0,0.0,115.0,0.0,0.0,0.0,115.0,0.0,0.0,115.0,0.0,0.0,0.0,115.0,0.0,0.0,115.0,0.0,0.0,0.0,115.0,0.0,0.0,115.0,0.0,115.0,0.0,0.0,0.0,115.0,0.0,0.0,115.0,0.0,0.0,0.0,115.0,0.0,0.0,0.0,115.0,0.0,0.0,0.0,0.0
M138,0.0,0.0,0.0,115.0,0.0,0.0,0.0,115.0,0.0,0.0,0.0,115.0,0.0,0.0,0.0,115.0,0.0,0.0,0.0,0.0,115.0,0.0,0.0,115.0,115.0,0.0,0.0,0.0,115.0,0.0,0.0,0.0,115.0,0.0,0.0,0.0,115.0,0.0,0.0,0.0,115.0,0.0,0.0,115.0,0.0,0.0,0.0,115.0,0.0,0.0,115.0,0.0,0.0,0.0,115.0,0.0,0.0,115.0,0.0,0.0,0.0,115.0,0.0,0.0,115.0,0.0,0.0,0.0,115.0,0.0,0.0,115.0,0.0,0.0,0.0,115.0,0.0,0.0,115.0,0.0,115.0,0.0,0.0,0.0,115.0,0.0,0.0,115.0,0.0,0.0,0.0,115.0,0.0,0.0,0.0,115.0,0.0,0.0,0.0,0.0
M139,0.0,0.0,0.0,115.0,0.0,0.0,0.0,115.0,0.0,0.0,0.0,115.0,0.0,0.0,0.0,115.0,0.0,0.0,0.0,0.0,115.0,0.0,0.0,115.0,115.0,0.0,0.0,0.0,115.0,0.0,0.0,0.0,115.0,0.0,0.0,0.0,115.0,0.0,0.0,0.0,115.0,0.0,0.0,115.0,0.0,0.0,0.0,115.0,0.0,0.0,115.0,0.0,0.0,0.0,115.0,0.0,0.0,115.0,0.0,0.0,0.0,115.0,0.0,0.0,115.0,0.0,0.0,0.0,115.0,0.0,0.0,115.0,0.0,0.0,0.0,115.0,0.0,0.0,115.0,0.0,115.0,0.0,0.0,0.0,115.0,0.0,0.0,115.0,0.0,0.0,0.0,115.0,0.0,0.0,0.0,115.0,0.0,0.0,0.0,0.0
M140,0.0,115.0,0.0,0.0,0.0,115.0,0.0,0.0,0.0,115.0,0.0,0.0,0.0,115.0,0.0,0.0,0.0,0.0,115.0,0.0,0.0,0.0,115.0,0.0,0.0,0.0,115.0,0.0,0.0,0.0,115.0,0.0,0.0,0.0,0.0,0.0,0.0,0.0,0.0,0.0,0.0,0.0,0.0,0.0,0.0,0.0,0.0,0.0,0.0,0.0,0.0,0.0,0.0,0.0,0.0,0.0,0.0,0.0,0.0,0.0,0.0,0.0,0.0,0.0,0.0,0.0,0.0,0.0,0.0,0.0,0.0,0.0,0.0,0.0,0.0,0.0,0.0,0.0,0.0,0.0,0.0,0.0,0.0,0.0,0.0,0.0,0.0,0.0,0.0,0.0,0.0,0.0,0.0,0.0,0.0,0.0,0.0,0.0,0.0,0.0
M142,0.0,0.0,0.0,0.0,0.0,0.0,0.0,0.0,0.0,0.0,0.0,0.0,0.0,0.0,0.0,0.0,0.0,0.0,0.0,0.0,0.0,0.0,0.0,0.0,0.0,0.0,0.0,0.0,0.0,0.0,0.0,0.0,0.0,0.0,0.0,0.0,0.0,0.0,0.0,0.0,0.0,0.0,0.0,0.0,0.0,0.0,0.0,0.0,0.0,0.0,0.0,0.0,0.0,0.0,0.0,0.0,65.0,0.0,0.0,0.0,65.0,0.0,0.0,0.0,0.0,0.0,0.0,65.0,0.0,0.0,65.0,0.0,0.0,0.0,65.0,0.0,0.0,65.0,0.0,0.0,65.0,0.0,0.0,0.0,0.0,0.0,0.0,0.0,0.0,0.0,0.0,0.0,0.0,0.0,0.0,0.0,0.0,0.0,0.0,0.0
M143,0.0,0.0,0.0,0.0,115.0,0.0,0.0,0.0,0.0,0.0,0.0,0.0,0.0,0.0,0.0,0.0,0.0,0.0,0.0,0.0,0.0,0.0,0.0,0.0,0.0,0.0,0.0,0.0,0.0,0.0,0.0,0.0,0.0,0.0,0.0,0.0,0.0,0.0,0.0,0.0,0.0,0.0,0.0,0.0,0.0,0.0,0.0,0.0,0.0,0.0,0.0,115.0,0.0,0.0,0.0,0.0,0.0,0.0,0.0,0.0,0.0,0.0,0.0,0.0,0.0,0.0,0.0,0.0,0.0,0.0,0.0,0.0,0.0,0.0,0.0,0.0,0.0,0.0,0.0,0.0,0.0,0.0,0.0,0.0,0.0,0.0,0.0,0.0,0.0,0.0,0.0,0.0,0.0,0.0,0.0,0.0,0.0,0.0,0.0,0.0
M144,0.0,0.0,0.0,0.0,0.0,0.0,0.0,0.0,0.0,0.0,0.0,0.0,0.0,0.0,0.0,0.0,0.0,0.0,0.0,0.0,0.0,0.0,0.0,0.0,0.0,0.0,0.0,0.0,0.0,0.0,0.0,0.0,0.0,0.0,0.0,0.0,0.0,0.0,0.0,265.0,0.0,0.0,0.0,0.0,0.0,0.0,0.0,0.0,0.0,0.0,0.0,0.0,0.0,265.0,0.0,0.0,265.0,0.0,0.0,0.0,265.0,0.0,0.0,0.0,0.0,0.0,0.0,265.0,0.0,0.0,265.0,0.0,0.0,0.0,265.0,0.0,0.0,0.0,0.0,0.0,265.0,0.0,265.0,0.0,0.0,0.0,0.0,0.0,0.0,0.0,0.0,0.0,0.0,0.0,0.0,0.0,0.0,0.0,0.0,0.0
M145,0.0,0.0,0.0,515.0,0.0,0.0,0.0,515.0,0.0,0.0,0.0,515.0,0.0,0.0,0.0,515.0,0.0,0.0,0.0,0.0,515.0,0.0,0.0,0.0,515.0,0.0,0.0,0.0,515.0,0.0,0.0,0.0,515.0,0.0,0.0,0.0,515.0,0.0,0.0,0.0,515.0,0.0,0.0,515.0,0.0,0.0,0.0,515.0,0.0,0.0,515.0,0.0,0.0,0.0,515.0,0.0,0.0,515.0,0.0,0.0,0.0,515.0,0.0,0.0,515.0,0.0,0.0,0.0,515.0,0.0,0.0,515.0,0.0,0.0,0.0,515.0,0.0,0.0,515.0,0.0,515.0,0.0,0.0,0.0,515.0,0.0,0.0,515.0,0.0,0.0,0.0,515.0,0.0,0.0,0.0,515.0,0.0,0.0,0.0,0.0
M146,165.0,0.0,0.0,0.0,165.0,0.0,0.0,0.0,165.0,0.0,0.0,0.0,165.0,0.0,0.0,0.0,165.0,0.0,0.0,0.0,0.0,165.0,0.0,0.0,0.0,165.0,0.0,0.0,0.0,165.0,0.0,0.0,0.0,165.0,0.0,0.0,0.0,165.0,0.0,0.0,0.0,0.0,0.0,0.0,165.0,0.0,0.0,165.0,0.0,0.0,0.0,165.0,0.0,0.0,0.0,0.0,0.0,0.0,165.0,0.0,0.0,165.0,0.0,0.0,0.0,165.0,0.0,0.0,165.0,0.0,0.0,0.0,165.0,0.0,0.0,0.0,165.0,0.0,165.0,0.0,0.0,165.0,0.0,0.0,165.0,0.0,0.0,0.0,165.0,0.0,0.0,0.0,165.0,0.0,0.0,0.0,165.0,0.0,0.0,0.0
M148,0.0,0.0,0.0,0.0,0.0,0.0,0.0,0.0,0.0,0.0,0.0,0.0,0.0,0.0,0.0,0.0,0.0,0.0,0.0,0.0,0.0,0.0,0.0,0.0,0.0,0.0,0.0,0.0,0.0,0.0,0.0,0.0,0.0,0.0,0.0,0.0,0.0,0.0,0.0,115.0,0.0,0.0,0.0,0.0,0.0,0.0,0.0,0.0,0.0,0.0,0.0,0.0,0.0,115.0,0.0,0.0,115.0,0.0,0.0,0.0,115.0,0.0,0.0,0.0,0.0,0.0,0.0,115.0,0.0,0.0,115.0,0.0,0.0,0.0,115.0,0.0,0.0,0.0,0.0,0.0,0.0,0.0,0.0,0.0,0.0,0.0,0.0,0.0,0.0,0.0,0.0,0.0,0.0,0.0,0.0,0.0,0.0,0.0,0.0,0.0
M149,0.0,0.0,0.0,0.0,0.0,0.0,0.0,0.0,0.0,0.0,0.0,0.0,0.0,0.0,0.0,0.0,0.0,0.0,0.0,0.0,0.0,0.0,0.0,0.0,0.0,0.0,0.0,0.0,0.0,0.0,0.0,0.0,0.0,0.0,0.0,0.0,0.0,0.0,0.0,115.0,0.0,0.0,0.0,0.0,0.0,0.0,0.0,0.0,0.0,0.0,0.0,0.0,0.0,115.0,0.0,0.0,115.0,0.0,0.0,0.0,115.0,0.0,0.0,0.0,0.0,0.0,0.0,115.0,0.0,0.0,115.0,0.0,0.0,0.0,115.0,0.0,0.0,0.0,0.0,0.0,65.0,0.0,65.0,0.0,0.0,0.0,0.0,0.0,0.0,0.0,0.0,0.0,0.0,0.0,0.0,0.0,0.0,0.0,0.0,0.0
M150,215.0,0.0,0.0,0.0,0.0,0.0,0.0,0.0,0.0,0.0,0.0,0.0,0.0,0.0,0.0,0.0,0.0,0.0,0.0,0.0,0.0,0.0,0.0,0.0,0.0,0.0,0.0,0.0,0.0,0.0,0.0,0.0,0.0,215.0,0.0,0.0,0.0,0.0,0.0,0.0,0.0,0.0,0.0,0.0,0.0,0.0,0.0,0.0,0.0,0.0,0.0,0.0,0.0,0.0,0.0,0.0,0.0,0.0,0.0,0.0,0.0,0.0,0.0,0.0,0.0,0.0,0.0,0.0,0.0,0.0,0.0,0.0,0.0,0.0,0.0,0.0,0.0,0.0,0.0,0.0,0.0,0.0,0.0,0.0,215.0,0.0,0.0,0.0,0.0,0.0,0.0,0.0,0.0,0.0,0.0,0.0,0.0,0.0,0.0,0.0
M152,0.0,0.0,0.0,0.0,0.0,0.0,0.0,0.0,0.0,0.0,0.0,0.0,0.0,0.0,0.0,0.0,0.0,0.0,0.0,0.0,0.0,0.0,0.0,0.0,0.0,0.0,0.0,0.0,0.0,0.0,0.0,0.0,0.0,0.0,0.0,0.0,0.0,0.0,0.0,65.0,0.0,0.0,0.0,0.0,0.0,0.0,0.0,0.0,0.0,0.0,0.0,0.0,0.0,65.0,0.0,0.0,65.0,0.0,0.0,0.0,65.0,0.0,0.0,0.0,0.0,0.0,0.0,65.0,0.0,0.0,65.0,0.0,0.0,0.0,65.0,0.0,0.0,0.0,0.0,0.0,65.0,0.0,65.0,0.0,0.0,0.0,0.0,0.0,0.0,0.0,0.0,0.0,0.0,0.0,0.0,0.0,0.0,0.0,0.0,0.0
M154,0.0,0.0,115.0,0.0,0.0,0.0,115.0,0.0,0.0,0.0,115.0,0.0,0.0,0.0,115.0,0.0,0.0,0.0,0.0,115.0,0.0,0.0,0.0,115.0,0.0,0.0,0.0,115.0,0.0,0.0,0.0,115.0,0.0,0.0,0.0,115.0,0.0,0.0,0.0,115.0,0.0,0.0,115.0,0.0,0.0,0.0,115.0,0.0,0.0,115.0,0.0,0.0,0.0,115.0,0.0,0.0,115.0,0.0,0.0,0.0,115.0,0.0,0.0,115.0,0.0,0.0,0.0,0.0,0.0,0.0,0.0,0.0,0.0,0.0,0.0,0.0,0.0,0.0,0.0,0.0,0.0,0.0,0.0,0.0,0.0,0.0,0.0,0.0,0.0,0.0,0.0,0.0,0.0,0.0,0.0,0.0,0.0,0.0,0.0,0.0
M155,0.0,0.0,0.0,0.0,115.0,0.0,0.0,0.0,115.0,0.0,0.0,0.0,115.0,0.0,0.0,0.0,115.0,0.0,0.0,0.0,0.0,115.0,0.0,0.0,0.0,115.0,0.0,0.0,0.0,115.0,0.0,0.0,0.0,115.0,0.0,0.0,0.0,115.0,0.0,0.0,0.0,0.0,0.0,0.0,115.0,0.0,0.0,115.0,0.0,0.0,0.0,115.0,0.0,0.0,115.0,0.0,0.0,0.0,115.0,0.0,0.0,115.0,0.0,0.0,0.0,115.0,0.0,0.0,115.0,0.0,0.0,0.0,115.0,0.0,0.0,0.0,115.0,0.0,115.0,0.0,0.0,115.0,0.0,0.0,115.0,0.0,0.0,0.0,115.0,0.0,0.0,0.0,115.0,0.0,0.0,0.0,115.0,0.0,0.0,115.0
M156,0.0,0.0,0.0,0.0,65.0,0.0,0.0,0.0,65.0,0.0,0.0,0.0,65.0,0.0,0.0,0.0,65.0,0.0,0.0,0.0,0.0,65.0,0.0,0.0,0.0,65.0,0.0,0.0,0.0,65.0,0.0,0.0,0.0,65.0,0.0,0.0,0.0,65.0,0.0,0.0,65.0,0.0,0.0,0.0,65.0,0.0,0.0,65.0,0.0,0.0,0.0,65.0,0.0,0.0,65.0,0.0,0.0,0.0,65.0,0.0,0.0,65.0,0.0,0.0,0.0,65.0,0.0,0.0,65.0,0.0,0.0,0.0,65.0,0.0,0.0,0.0,65.0,0.0,65.0,0.0,0.0,65.0,0.0,0.0,65.0,0.0,0.0,0.0,65.0,0.0,0.0,0.0,65.0,0.0,0.0,0.0,65.0,0.0,0.0,65.0
M157,0.0,0.0,0.0,0.0,0.0,0.0,0.0,0.0,0.0,0.0,0.0,0.0,0.0,0.0,0.0,0.0,0.0,0.0,0.0,0.0,0.0,0.0,0.0,0.0,0.0,0.0,0.0,0.0,0.0,0.0,0.0,0.0,0.0,0.0,0.0,0.0,0.0,0.0,0.0,0.0,0.0,0.0,0.0,0.0,0.0,0.0,0.0,0.0,0.0,0.0,0.0,0.0,0.0,0.0,115.0,0.0,0.0,0.0,0.0,0.0,0.0,0.0,0.0,0.0,0.0,0.0,0.0,0.0,115.0,0.0,0.0,0.0,0.0,0.0,0.0,0.0,0.0,0.0,0.0,0.0,0.0,115.0,0.0,0.0,0.0,0.0,0.0,0.0,0.0,0.0,0.0,0.0,0.0,0.0,0.0,0.0,0.0,0.0,0.0,0.0
M159,0.0,0.0,65.0,0.0,0.0,0.0,65.0,0.0,0.0,0.0,65.0,0.0,0.0,0.0,65.0,0.0,0.0,0.0,0.0,65.0,0.0,0.0,0.0,65.0,0.0,0.0,0.0,65.0,0.0,0.0,0.0,65.0,0.0,0.0,0.0,65.0,0.0,0.0,0.0,65.0,0.0,0.0,65.0,0.0,0.0,0.0,65.0,0.0,0.0,65.0,0.0,0.0,0.0,65.0,0.0,0.0,65.0,0.0,0.0,0.0,65.0,0.0,0.0,65.0,0.0,0.0,0.0,65.0,0.0,0.0,65.0,0.0,0.0,0.0,65.0,0.0,0.0,65.0,0.0,0.0,65.0,0.0,65.0,0.0,0.0,65.0,65.0,0.0,0.0,0.0,65.0,0.0,0.0,0.0,65.0,0.0,0.0,0.0,0.0,0.0
M161,65.0,0.0,0.0,0.0,65.0,0.0,0.0,0.0,65.0,0.0,0.0,0.0,65.0,0.0,0.0,0.0,65.0,0.0,0.0,0.0,0.0,65.0,0.0,0.0,0.0,65.0,0.0,0.0,0.0,65.0,0.0,0.0,0.0,65.0,0.0,0.0,0.0,65.0,0.0,0.0,65.0,0.0,0.0,0.0,65.0,0.0,0.0,65.0,0.0,0.0,0.0,65.0,0.0,0.0,65.0,0.0,0.0,0.0,65.0,0.0,0.0,65.0,0.0,0.0,0.0,65.0,0.0,0.0,65.0,0.0,0.0,0.0,65.0,0.0,0.0,0.0,65.0,0.0,65.0,0.0,0.0,65.0,0.0,0.0,65.0,0.0,0.0,0.0,65.0,0.0,0.0,0.0,65.0,0.0,0.0,0.0,65.0,0.0,0.0,65.0
M162,1015.0,0.0,0.0,0.0,515.0,0.0,0.0,0.0,515.0,0.0,0.0,0.0,515.0,0.0,0.0,0.0,515.0,0.0,0.0,0.0,0.0,515.0,0.0,0.0,0.0,515.0,0.0,0.0,0.0,515.0,0.0,0.0,0.0,515.0,0.0,0.0,0.0,515.0,0.0,0.0,515.0,0.0,0.0,0.0,515.0,0.0,0.0,515.0,0.0,0.0,0.0,0.0,0.0,0.0,0.0,0.0,0.0,0.0,0.0,0.0,0.0,515.0,0.0,0.0,0.0,0.0,0.0,0.0,0.0,0.0,0.0,0.0,0.0,0.0,0.0,0.0,0.0,0.0,0.0,0.0,0.0,0.0,0.0,0.0,0.0,0.0,0.0,0.0,0.0,0.0,0.0,0.0,0.0,0.0,0.0,0.0,0.0,0.0,0.0,0.0
M163,0.0,0.0,215.0,0.0,0.0,0.0,215.0,0.0,0.0,0.0,215.0,0.0,0.0,0.0,215.0,0.0,0.0,0.0,0.0,215.0,0.0,0.0,0.0,215.0,0.0,0.0,0.0,215.0,0.0,0.0,0.0,215.0,0.0,0.0,0.0,215.0,0.0,0.0,0.0,215.0,0.0,0.0,215.0,0.0,0.0,0.0,0.0,0.0,0.0,215.0,0.0,0.0,0.0,215.0,0.0,0.0,215.0,0.0,0.0,0.0,0.0,0.0,0.0,0.0,0.0,0.0,0.0,0.0,0.0,0.0,0.0,0.0,0.0,0.0,215.0,0.0,0.0,0.0,0.0,0.0,215.0,0.0,0.0,0.0,0.0,0.0,0.0,0.0,0.0,0.0,0.0,0.0,0.0,0.0,0.0,0.0,0.0,0.0,0.0,0.0
M164,0.0,0.0,0.0,0.0,0.0,0.0,0.0,0.0,0.0,0.0,0.0,0.0,0.0,0.0,0.0,0.0,0.0,0.0,0.0,65.0,0.0,0.0,0.0,0.0,0.0,0.0,0.0,65.0,0.0,0.0,0.0,0.0,0.0,0.0,0.0,0.0,0.0,0.0,0.0,65.0,0.0,0.0,0.0,0.0,0.0,0.0,0.0,0.0,0.0,65.0,0.0,0.0,0.0,0.0,0.0,0.0,0.0,0.0,0.0,0.0,65.0,0.0,0.0,0.0,0.0,0.0,0.0,0.0,0.0,0.0,0.0,0.0,0.0,0.0,0.0,0.0,0.0,0.0,0.0,0.0,0.0,0.0,0.0,0.0,0.0,65.0,0.0,0.0,0.0,0.0,0.0,0.0,0.0,0.0,0.0,0.0,0.0,0.0,0.0,0.0
M165,115.0,0.0,0.0,0.0,115.0,0.0,0.0,0.0,115.0,0.0,0.0,0.0,115.0,0.0,0.0,0.0,115.0,0.0,0.0,0.0,0.0,115.0,0.0,0.0,0.0,115.0,0.0,0.0,0.0,115.0,0.0,0.0,0.0,115.0,0.0,0.0,0.0,115.0,0.0,0.0,115.0,0.0,0.0,0.0,115.0,0.0,0.0,115.0,0.0,0.0,0.0,115.0,0.0,0.0,115.0,0.0,0.0,0.0,115.0,0.0,0.0,115.0,0.0,0.0,0.0,115.0,0.0,0.0,115.0,0.0,0.0,0.0,115.0,0.0,0.0,0.0,115.0,0.0,115.0,0.0,0.0,115.0,0.0,0.0,115.0,0.0,0.0,0.0,115.0,0.0,0.0,0.0,115.0,0.0,0.0,0.0,115.0,0.0,0.0,115.0
M166,0.0,0.0,115.0,0.0,0.0,0.0,115.0,0.0,0.0,0.0,115.0,0.0,0.0,0.0,115.0,0.0,0.0,0.0,0.0,0.0,0.0,0.0,0.0,115.0,0.0,0.0,0.0,115.0,0.0,0.0,0.0,115.0,0.0,0.0,0.0,115.0,0.0,0.0,0.0,115.0,0.0,0.0,115.0,0.0,0.0,0.0,0.0,0.0,0.0,115.0,0.0,0.0,0.0,115.0,0.0,0.0,115.0,0.0,0.0,0.0,115.0,0.0,0.0,115.0,0.0,0.0,0.0,115.0,0.0,0.0,115.0,0.0,0.0,0.0,115.0,0.0,0.0,115.0,0.0,0.0,115.0,0.0,115.0,0.0,0.0,115.0,115.0,0.0,0.0,0.0,115.0,0.0,0.0,0.0,115.0,0.0,0.0,0.0,0.0,0.0
M167,0.0,0.0,215.0,0.0,0.0,0.0,215.0,0.0,0.0,0.0,215.0,0.0,0.0,0.0,0.0,0.0,0.0,0.0,0.0,0.0,0.0,0.0,0.0,215.0,0.0,0.0,0.0,215.0,0.0,0.0,0.0,215.0,0.0,0.0,0.0,215.0,0.0,0.0,0.0,215.0,0.0,0.0,215.0,0.0,0.0,0.0,0.0,0.0,0.0,215.0,0.0,0.0,0.0,215.0,0.0,0.0,0.0,0.0,0.0,0.0,215.0,0.0,0.0,215.0,0.0,0.0,0.0,215.0,0.0,0.0,0.0,0.0,0.0,0.0,215.0,0.0,0.0,215.0,0.0,0.0,215.0,0.0,215.0,0.0,0.0,215.0,215.0,0.0,0.0,0.0,215.0,0.0,0.0,0.0,0.0,0.0,0.0,0.0,0.0,0.0
M168,65.0,0.0,0.0,0.0,65.0,0.0,0.0,0.0,65.0,0.0,0.0,0.0,65.0,0.0,0.0,0.0,65.0,0.0,0.0,0.0,0.0,65.0,0.0,0.0,0.0,65.0,0.0,0.0,0.0,0.0,0.0,0.0,0.0,65.0,0.0,0.0,0.0,65.0,0.0,0.0,0.0,0.0,0.0,0.0,0.0,0.0,0.0,0.0,0.0,0.0,0.0,0.0,0.0,0.0,0.0,0.0,0.0,0.0,0.0,0.0,0.0,0.0,0.0,0.0,0.0,65.0,0.0,0.0,65.0,0.0,0.0,0.0,65.0,0.0,0.0,0.0,65.0,0.0,65.0,0.0,0.0,65.0,0.0,0.0,0.0,0.0,0.0,0.0,65.0,0.0,0.0,0.0,0.0,0.0,0.0,0.0,65.0,0.0,0.0,65.0
M169,115.0,0.0,0.0,0.0,115.0,0.0,0.0,0.0,115.0,0.0,0.0,0.0,115.0,0.0,0.0,0.0,115.0,0.0,0.0,0.0,0.0,115.0,0.0,0.0,0.0,115.0,0.0,0.0,0.0,115.0,0.0,0.0,0.0,115.0,0.0,0.0,0.0,115.0,0.0,0.0,115.0,0.0,0.0,0.0,115.0,0.0,0.0,115.0,0.0,0.0,0.0,115.0,0.0,0.0,115.0,0.0,0.0,0.0,115.0,0.0,0.0,115.0,0.0,0.0,0.0,115.0,0.0,0.0,115.0,0.0,0.0,0.0,115.0,0.0,0.0,0.0,115.0,0.0,115.0,0.0,0.0,115.0,0.0,0.0,115.0,0.0,0.0,0.0,115.0,0.0,0.0,0.0,115.0,0.0,0.0,0.0,115.0,0.0,0.0,115.0
M170,65.0,0.0,0.0,0.0,65.0,0.0,0.0,0.0,0.0,0.0,0.0,0.0,0.0,0.0,0.0,0.0,0.0,0.0,0.0,0.0,0.0,65.0,0.0,0.0,0.0,65.0,0.0,0.0,0.0,0.0,0.0,0.0,0.0,0.0,0.0,0.0,0.0,0.0,0.0,0.0,0.0,0.0,0.0,0.0,0.0,0.0,0.0,0.0,0.0,0.0,0.0,0.0,0.0,0.0,0.0,0.0,0.0,0.0,0.0,0.0,0.0,0.0,0.0,0.0,0.0,0.0,0.0,0.0,65.0,0.0,0.0,0.0,0.0,0.0,0.0,0.0,0.0,0.0,65.0,0.0,0.0,0.0,0.0,0.0,0.0,0.0,0.0,0.0,0.0,0.0,0.0,0.0,0.0,0.0,0.0,0.0,0.0,0.0,0.0,0.0
M171,0.0,0.0,215.0,0.0,0.0,0.0,215.0,0.0,0.0,0.0,215.0,0.0,0.0,0.0,215.0,0.0,0.0,0.0,0.0,215.0,0.0,0.0,0.0,215.0,0.0,0.0,0.0,215.0,0.0,0.0,0.0,215.0,0.0,0.0,0.0,215.0,0.0,0.0,0.0,215.0,0.0,0.0,215.0,0.0,0.0,0.0,215.0,0.0,0.0,215.0,0.0,0.0,0.0,215.0,0.0,0.0,215.0,0.0,0.0,0.0,215.0,0.0,0.0,215.0,0.0,0.0,0.0,215.0,0.0,0.0,215.0,0.0,0.0,0.0,215.0,0.0,0.0,215.0,0.0,0.0,215.0,0.0,215.0,0.0,0.0,215.0,215.0,0.0,0.0,0.0,215.0,0.0,0.0,0.0,215.0,0.0,0.0,0.0,0.0,0.0
M172,0.0,0.0,115.0,0.0,0.0,0.0,115.0,0.0,0.0,0.0,115.0,0.0,0.0,0.0,115.0,0.0,0.0,0.0,0.0,115.0,0.0,0.0,0.0,115.0,0.0,0.0,0.0,115.0,0.0,0.0,0.0,115.0,0.0,0.0,0.0,115.0,0.0,0.0,0.0,115.0,0.0,0.0,115.0,0.0,0.0,0.0,115.0,0.0,0.0,115.0,0.0,0.0,0.0,115.0,0.0,0.0,115.0,0.0,0.0,0.0,115.0,0.0,0.0,115.0,0.0,0.0,0.0,115.0,0.0,0.0,115.0,0.0,0.0,0.0,115.0,0.0,0.0,115.0,0.0,0.0,115.0,0.0,115.0,0.0,0.0,115.0,115.0,0.0,0.0,0.0,115.0,0.0,0.0,0.0,115.0,0.0,0.0,0.0,0.0,0.0
M173,0.0,265.0,0.0,0.0,0.0,265.0,0.0,0.0,0.0,0.0,0.0,0.0,265.0,265.0,0.0,0.0,0.0,0.0,265.0,0.0,0.0,0.0,265.0,0.0,0.0,0.0,265.0,0.0,0.0,0.0,265.0,0.0,0.0,0.0,265.0,0.0,0.0,0.0,265.0,0.0,0.0,265.0,0.0,0.0,0.0,265.0,0.0,0.0,265.0,0.0,0.0,0.0,265.0,0.0,0.0,265.0,0.0,0.0,0.0,265.0,0.0,0.0,265.0,0.0,0.0,0.0,265.0,0.0,0.0,265.0,0.0,0.0,0.0,265.0,0.0,0.0,0.0,265.0,0.0,265.0,0.0,0.0,0.0,0.0,0.0,0.0,0.0,0.0,0.0,0.0,0.0,0.0,0.0,0.0,0.0,0.0,0.0,0.0,0.0,0.0
M175,0.0,0.0,0.0,0.0,0.0,0.0,0.0,0.0,0.0,515.0,0.0,0.0,0.0,0.0,0.0,0.0,0.0,0.0,0.0,0.0,0.0,0.0,0.0,0.0,0.0,0.0,0.0,0.0,0.0,0.0,0.0,0.0,0.0,0.0,0.0,0.0,0.0,0.0,0.0,0.0,0.0,0.0,0.0,0.0,0.0,0.0,0.0,0.0,0.0,0.0,0.0,0.0,0.0,0.0,0.0,0.0,0.0,0.0,0.0,0.0,0.0,0.0,0.0,0.0,0.0,0.0,0.0,0.0,0.0,0.0,0.0,0.0,0.0,515.0,0.0,0.0,0.0,0.0,0.0,0.0,0.0,0.0,0.0,0.0,0.0,515.0,0.0,0.0,0.0,0.0,0.0,0.0,0.0,0.0,0.0,0.0,0.0,0.0,0.0,0.0
M176,115.0,0.0,0.0,0.0,115.0,0.0,0.0,0.0,115.0,0.0,0.0,0.0,115.0,0.0,0.0,0.0,115.0,0.0,0.0,0.0,0.0,115.0,0.0,0.0,0.0,115.0,0.0,0.0,0.0,0.0,0.0,0.0,0.0,115.0,0.0,0.0,0.0,115.0,0.0,0.0,0.0,0.0,0.0,0.0,115.0,0.0,0.0,115.0,0.0,0.0,0.0,115.0,0.0,0.0,115.0,0.0,0.0,0.0,115.0,0.0,0.0,115.0,0.0,0.0,0.0,115.0,0.0,0.0,115.0,0.0,0.0,0.0,115.0,0.0,0.0,0.0,115.0,0.0,115.0,0.0,0.0,115.0,0.0,0.0,0.0,0.0,0.0,0.0,115.0,0.0,0.0,0.0,115.0,0.0,0.0,0.0,115.0,0.0,0.0,115.0
M177,65.0,0.0,0.0,0.0,65.0,0.0,0.0,0.0,65.0,0.0,0.0,0.0,65.0,0.0,0.0,0.0,65.0,0.0,0.0,0.0,0.0,65.0,0.0,0.0,0.0,65.0,0.0,0.0,0.0,65.0,0.0,0.0,0.0,65.0,0.0,0.0,0.0,65.0,0.0,0.0,65.0,0.0,0.0,0.0,65.0,0.0,0.0,65.0,0.0,0.0,0.0,65.0,0.0,0.0,65.0,0.0,0.0,0.0,65.0,0.0,0.0,65.0,0.0,0.0,0.0,65.0,0.0,0.0,65.0,0.0,0.0,0.0,65.0,0.0,0.0,0.0,65.0,0.0,65.0,0.0,0.0,65.0,0.0,0.0,65.0,0.0,0.0,0.0,65.0,0.0,0.0,0.0,65.0,0.0,0.0,0.0,65.0,0.0,0.0,65.0
M178,65.0,0.0,0.0,0.0,0.0,0.0,0.0,0.0,0.0,0.0,0.0,0.0,0.0,0.0,0.0,0.0,0.0,0.0,0.0,0.0,0.0,0.0,0.0,0.0,0.0,0.0,0.0,0.0,0.0,0.0,0.0,0.0,0.0,0.0,0.0,0.0,0.0,0.0,0.0,0.0,0.0,0.0,0.0,0.0,0.0,0.0,0.0,0.0,0.0,0.0,0.0,0.0,0.0,0.0,0.0,0.0,0.0,0.0,0.0,0.0,0.0,0.0,0.0,0.0,0.0,0.0,0.0,0.0,0.0,0.0,0.0,0.0,0.0,0.0,0.0,0.0,0.0,0.0,0.0,0.0,0.0,0.0,0.0,0.0,0.0,0.0,0.0,0.0,0.0,0.0,0.0,0.0,0.0,0.0,0.0,0.0,0.0,0.0,0.0,0.0
M179,0.0,0.0,315.0,0.0,0.0,0.0,0.0,0.0,0.0,0.0,315.0,0.0,0.0,0.0,0.0,0.0,0.0,0.0,0.0,315.0,0.0,0.0,0.0,315.0,0.0,0.0,0.0,315.0,0.0,0.0,0.0,315.0,0.0,0.0,0.0,315.0,0.0,0.0,0.0,315.0,0.0,0.0,315.0,0.0,0.0,0.0,315.0,0.0,0.0,315.0,0.0,0.0,0.0,315.0,0.0,0.0,315.0,0.0,0.0,0.0,315.0,0.0,0.0,315.0,0.0,0.0,0.0,315.0,0.0,0.0,315.0,0.0,0.0,0.0,315.0,0.0,0.0,315.0,0.0,0.0,315.0,0.0,315.0,0.0,0.0,315.0,315.0,0.0,0.0,0.0,315.0,0.0,0.0,0.0,0.0,0.0,0.0,0.0,0.0,0.0
M180,0.0,0.0,515.0,0.0,0.0,0.0,515.0,0.0,0.0,0.0,0.0,0.0,0.0,0.0,515.0,0.0,0.0,0.0,0.0,0.0,0.0,0.0,0.0,0.0,0.0,0.0,0.0,515.0,0.0,0.0,0.0,515.0,0.0,0.0,0.0,515.0,0.0,0.0,0.0,515.0,0.0,0.0,515.0,0.0,0.0,0.0,0.0,0.0,0.0,515.0,0.0,0.0,0.0,0.0,0.0,0.0,0.0,0.0,0.0,0.0,515.0,0.0,0.0,0.0,0.0,0.0,0.0,515.0,0.0,0.0,515.0,0.0,0.0,0.0,515.0,0.0,0.0,515.0,0.0,0.0,515.0,0.0,0.0,0.0,0.0,515.0,515.0,0.0,0.0,0.0,515.0,0.0,0.0,0.0,515.0,0.0,0.0,0.0,0.0,0.0
M181,0.0,65.0,0.0,0.0,0.0,65.0,0.0,0.0,0.0,65.0,0.0,0.0,0.0,65.0,0.0,0.0,0.0,0.0,65.0,0.0,0.0,0.0,65.0,0.0,0.0,0.0,65.0,0.0,0.0,0.0,65.0,0.0,0.0,0.0,65.0,0.0,0.0,0.0,65.0,0.0,0.0,65.0,0.0,0.0,0.0,65.0,0.0,0.0,65.0,0.0,0.0,0.0,65.0,0.0,0.0,65.0,0.0,0.0,0.0,65.0,0.0,0.0,65.0,0.0,0.0,0.0,65.0,0.0,0.0,65.0,0.0,0.0,0.0,65.0,0.0,0.0,0.0,65.0,0.0,65.0,0.0,0.0,0.0,65.0,0.0,65.0,65.0,0.0,0.0,65.0,0.0,0.0,0.0,65.0,0.0,0.0,0.0,65.0,65.0,0.0
M182,115.0,0.0,0.0,0.0,115.0,0.0,0.0,0.0,115.0,0.0,0.0,0.0,115.0,0.0,0.0,0.0,115.0,0.0,0.0,0.0,0.0,115.0,0.0,0.0,0.0,115.0,0.0,0.0,0.0,115.0,0.0,0.0,0.0,115.0,0.0,0.0,0.0,115.0,0.0,0.0,115.0,0.0,0.0,0.0,115.0,0.0,0.0,115.0,0.0,0.0,0.0,115.0,0.0,0.0,115.0,0.0,0.0,0.0,115.0,0.0,0.0,115.0,0.0,0.0,0.0,115.0,0.0,0.0,115.0,0.0,0.0,0.0,115.0,0.0,0.0,0.0,115.0,0.0,115.0,0.0,0.0,115.0,0.0,0.0,115.0,0.0,0.0,0.0,115.0,0.0,0.0,0.0,115.0,0.0,0.0,0.0,115.0,0.0,0.0,115.0
M183,0.0,65.0,0.0,0.0,0.0,0.0,0.0,65.0,0.0,0.0,65.0,0.0,0.0,0.0,0.0,0.0,0.0,0.0,0.0,0.0,0.0,0.0,0.0,0.0,0.0,0.0,0.0,0.0,0.0,0.0,0.0,0.0,0.0,0.0,0.0,0.0,0.0,0.0,0.0,0.0,0.0,0.0,0.0,0.0,0.0,0.0,0.0,0.0,0.0,0.0,0.0,0.0,0.0,0.0,0.0,0.0,0.0,0.0,0.0,0.0,0.0,0.0,0.0,0.0,0.0,0.0,0.0,0.0,0.0,0.0,0.0,0.0,0.0,0.0,0.0,0.0,0.0,0.0,0.0,0.0,0.0,0.0,0.0,0.0,0.0,0.0,0.0,0.0,0.0,0.0,0.0,0.0,0.0,0.0,0.0,0.0,0.0,0.0,0.0,0.0
M184,65.0,0.0,0.0,0.0,65.0,0.0,0.0,0.0,65.0,0.0,0.0,0.0,65.0,0.0,0.0,0.0,65.0,0.0,0.0,0.0,0.0,65.0,0.0,0.0,0.0,65.0,0.0,0.0,0.0,65.0,0.0,0.0,0.0,65.0,0.0,0.0,0.0,65.0,0.0,0.0,0.0,0.0,0.0,0.0,65.0,0.0,0.0,65.0,0.0,0.0,0.0,65.0,0.0,0.0,65.0,0.0,0.0,0.0,0.0,0.0,0.0,0.0,0.0,0.0,0.0,65.0,0.0,0.0,65.0,0.0,0.0,0.0,65.0,0.0,0.0,0.0,0.0,0.0,0.0,0.0,0.0,0.0,0.0,0.0,0.0,0.0,0.0,0.0,0.0,0.0,0.0,0.0,0.0,0.0,0.0,0.0,0.0,0.0,0.0,0.0
M185,0.0,0.0,0.0,0.0,0.0,0.0,0.0,0.0,115.0,0.0,0.0,115.0,0.0,0.0,0.0,115.0,0.0,0.0,0.0,0.0,115.0,0.0,0.0,0.0,115.0,0.0,0.0,0.0,115.0,0.0,0.0,0.0,115.0,0.0,0.0,0.0,115.0,0.0,0.0,0.0,115.0,0.0,0.0,115.0,0.0,0.0,0.0,115.0,0.0,0.0,115.0,0.0,0.0,0.0,115.0,0.0,0.0,115.0,0.0,0.0,0.0,115.0,0.0,0.0,115.0,0.0,0.0,0.0,115.0,0.0,0.0,115.0,0.0,0.0,0.0,115.0,0.0,0.0,115.0,0.0,115.0,0.0,0.0,0.0,115.0,0.0,0.0,115.0,0.0,0.0,0.0,115.0,0.0,0.0,0.0,115.0,0.0,0.0,0.0,0.0
M186,0.0,0.0,115.0,0.0,0.0,0.0,115.0,0.0,0.0,0.0,115.0,0.0,0.0,0.0,115.0,0.0,0.0,0.0,0.0,115.0,0.0,0.0,0.0,115.0,0.0,0.0,0.0,115.0,0.0,0.0,0.0,115.0,0.0,0.0,0.0,115.0,0.0,0.0,0.0,115.0,0.0,0.0,115.0,0.0,0.0,0.0,115.0,0.0,0.0,115.0,0.0,0.0,0.0,115.0,0.0,0.0,115.0,0.0,0.0,0.0,115.0,0.0,0.0,115.0,0.0,0.0,0.0,115.0,0.0,0.0,115.0,0.0,0.0,0.0,115.0,0.0,0.0,115.0,0.0,0.0,115.0,0.0,115.0,0.0,0.0,115.0,115.0,0.0,0.0,0.0,115.0,0.0,0.0,0.0,115.0,0.0,0.0,0.0,0.0,0.0
M187,0.0,0.0,115.0,0.0,0.0,0.0,115.0,0.0,0.0,0.0,115.0,0.0,0.0,0.0,0.0,0.0,0.0,0.0,0.0,115.0,0.0,0.0,0.0,115.0,0.0,0.0,0.0,115.0,0.0,0.0,0.0,0.0,0.0,0.0,0.0,115.0,0.0,0.0,0.0,0.0,0.0,0.0,0.0,0.0,0.0,0.0,0.0,0.0,0.0,115.0,0.0,0.0,0.0,115.0,0.0,0.0,115.0,0.0,0.0,0.0,0.0,0.0,0.0,0.0,0.0,0.0,0.0,0.0,0.0,0.0,0.0,0.0,0.0,0.0,0.0,0.0,0.0,0.0,0.0,0.0,0.0,0.0,0.0,0.0,0.0,0.0,0.0,0.0,0.0,0.0,0.0,0.0,0.0,0.0,0.0,0.0,0.0,0.0,0.0,0.0
M189,0.0,0.0,0.0,0.0,0.0,0.0,0.0,0.0,215.0,0.0,0.0,0.0,215.0,0.0,0.0,0.0,215.0,0.0,0.0,0.0,0.0,215.0,0.0,0.0,0.0,215.0,0.0,0.0,0.0,215.0,0.0,0.0,0.0,215.0,0.0,0.0,0.0,215.0,0.0,0.0,215.0,0.0,0.0,0.0,215.0,0.0,0.0,215.0,0.0,0.0,0.0,0.0,0.0,0.0,0.0,0.0,0.0,0.0,0.0,0.0,0.0,0.0,0.0,0.0,0.0,0.0,0.0,0.0,0.0,0.0,0.0,0.0,0.0,0.0,0.0,0.0,0.0,0.0,0.0,0.0,0.0,0.0,0.0,0.0,0.0,0.0,0.0,0.0,0.0,0.0,0.0,0.0,0.0,0.0,0.0,0.0,0.0,0.0,0.0,0.0
M192,115.0,0.0,0.0,0.0,115.0,0.0,0.0,0.0,115.0,0.0,0.0,0.0,115.0,0.0,0.0,0.0,115.0,0.0,0.0,0.0,0.0,115.0,0.0,0.0,0.0,115.0,0.0,0.0,0.0,115.0,0.0,0.0,0.0,115.0,0.0,0.0,0.0,115.0,0.0,0.0,0.0,0.0,0.0,0.0,115.0,0.0,0.0,115.0,0.0,0.0,0.0,115.0,0.0,0.0,0.0,0.0,0.0,0.0,115.0,0.0,0.0,115.0,0.0,0.0,0.0,115.0,0.0,0.0,115.0,0.0,0.0,0.0,115.0,0.0,0.0,0.0,115.0,0.0,115.0,0.0,0.0,115.0,0.0,0.0,115.0,0.0,0.0,0.0,115.0,0.0,0.0,0.0,115.0,0.0,0.0,0.0,0.0,0.0,0.0,0.0
M193,65.0,0.0,0.0,0.0,65.0,0.0,0.0,0.0,65.0,0.0,0.0,0.0,65.0,0.0,0.0,0.0,65.0,0.0,0.0,0.0,0.0,65.0,0.0,0.0,0.0,65.0,0.0,0.0,0.0,65.0,0.0,0.0,0.0,65.0,0.0,0.0,0.0,65.0,0.0,0.0,65.0,0.0,0.0,0.0,65.0,0.0,0.0,65.0,0.0,0.0,0.0,65.0,0.0,0.0,65.0,0.0,0.0,0.0,65.0,0.0,0.0,65.0,0.0,0.0,0.0,65.0,0.0,0.0,65.0,0.0,0.0,0.0,65.0,0.0,0.0,0.0,65.0,0.0,65.0,0.0,0.0,65.0,0.0,0.0,65.0,0.0,0.0,0.0,65.0,0.0,0.0,0.0,65.0,0.0,0.0,0.0,65.0,0.0,0.0,65.0
M194,65.0,0.0,0.0,0.0,65.0,0.0,0.0,0.0,65.0,0.0,0.0,0.0,65.0,0.0,0.0,0.0,65.0,0.0,0.0,0.0,0.0,65.0,0.0,0.0,0.0,0.0,0.0,0.0,0.0,65.0,0.0,0.0,0.0,65.0,0.0,0.0,0.0,65.0,0.0,0.0,0.0,0.0,0.0,0.0,65.0,0.0,0.0,65.0,0.0,0.0,0.0,65.0,0.0,0.0,65.0,0.0,0.0,0.0,65.0,0.0,0.0,65.0,0.0,0.0,0.0,65.0,0.0,0.0,65.0,0.0,0.0,0.0,65.0,0.0,0.0,0.0,65.0,0.0,65.0,0.0,0.0,65.0,0.0,0.0,65.0,0.0,0.0,0.0,65.0,0.0,0.0,0.0,0.0,0.0,0.0,0.0,65.0,0.0,0.0,0.0
M195,65.0,0.0,0.0,0.0,0.0,0.0,0.0,0.0,65.0,0.0,0.0,0.0,65.0,0.0,0.0,0.0,65.0,0.0,0.0,0.0,0.0,65.0,0.0,0.0,0.0,0.0,0.0,0.0,0.0,65.0,0.0,0.0,0.0,65.0,0.0,0.0,0.0,65.0,0.0,0.0,0.0,0.0,0.0,0.0,65.0,0.0,0.0,65.0,0.0,0.0,0.0,65.0,0.0,0.0,65.0,0.0,0.0,0.0,65.0,0.0,0.0,65.0,0.0,0.0,0.0,65.0,0.0,0.0,65.0,0.0,0.0,0.0,65.0,0.0,0.0,0.0,65.0,0.0,65.0,0.0,0.0,65.0,0.0,0.0,65.0,0.0,0.0,0.0,65.0,0.0,0.0,0.0,0.0,0.0,0.0,0.0,65.0,0.0,0.0,65.0
M196,115.0,0.0,0.0,0.0,115.0,0.0,0.0,0.0,115.0,0.0,0.0,0.0,115.0,0.0,0.0,0.0,115.0,0.0,0.0,0.0,0.0,115.0,0.0,0.0,0.0,115.0,0.0,0.0,0.0,115.0,0.0,0.0,0.0,115.0,0.0,0.0,0.0,115.0,0.0,0.0,115.0,0.0,0.0,0.0,115.0,0.0,0.0,115.0,0.0,0.0,0.0,115.0,0.0,0.0,115.0,0.0,0.0,0.0,115.0,0.0,0.0,115.0,0.0,0.0,0.0,115.0,0.0,0.0,115.0,0.0,0.0,0.0,115.0,0.0,0.0,0.0,115.0,0.0,115.0,0.0,0.0,115.0,0.0,0.0,115.0,0.0,0.0,0.0,115.0,0.0,0.0,0.0,115.0,0.0,0.0,0.0,115.0,0.0,0.0,115.0
M199,0.0,0.0,0.0,0.0,0.0,0.0,0.0,0.0,0.0,0.0,0.0,0.0,0.0,65.0,0.0,0.0,0.0,0.0,0.0,0.0,0.0,0.0,0.0,0.0,0.0,0.0,0.0,0.0,0.0,0.0,0.0,0.0,0.0,0.0,0.0,0.0,0.0,0.0,0.0,0.0,0.0,65.0,0.0,0.0,0.0,0.0,0.0,0.0,0.0,0.0,0.0,0.0,65.0,0.0,0.0,0.0,0.0,0.0,0.0,65.0,0.0,0.0,65.0,0.0,0.0,0.0,65.0,0.0,0.0,65.0,0.0,0.0,0.0,65.0,0.0,0.0,0.0,65.0,0.0,65.0,0.0,0.0,0.0,0.0,0.0,65.0,0.0,0.0,0.0,65.0,0.0,0.0,0.0,65.0,0.0,0.0,0.0,65.0,65.0,0.0
M200,0.0,0.0,0.0,0.0,0.0,0.0,0.0,0.0,0.0,0.0,0.0,0.0,0.0,0.0,0.0,0.0,0.0,0.0,0.0,0.0,0.0,65.0,0.0,0.0,0.0,65.0,0.0,0.0,0.0,0.0,0.0,0.0,0.0,0.0,0.0,0.0,0.0,0.0,0.0,0.0,0.0,0.0,0.0,0.0,0.0,0.0,0.0,0.0,0.0,0.0,0.0,0.0,0.0,0.0,0.0,0.0,0.0,0.0,65.0,0.0,0.0,0.0,0.0,0.0,0.0,0.0,0.0,0.0,0.0,0.0,0.0,0.0,0.0,0.0,0.0,0.0,65.0,0.0,65.0,0.0,0.0,0.0,0.0,0.0,0.0,0.0,0.0,0.0,0.0,0.0,0.0,0.0,0.0,0.0,0.0,0.0,0.0,0.0,0.0,0.0
M202,0.0,0.0,0.0,0.0,0.0,0.0,0.0,0.0,0.0,0.0,0.0,0.0,0.0,0.0,0.0,0.0,0.0,0.0,0.0,0.0,0.0,0.0,0.0,0.0,0.0,0.0,0.0,0.0,0.0,0.0,0.0,0.0,0.0,0.0,0.0,0.0,0.0,0.0,0.0,215.0,0.0,0.0,215.0,0.0,0.0,0.0,0.0,0.0,0.0,0.0,0.0,0.0,0.0,215.0,0.0,0.0,215.0,0.0,0.0,0.0,215.0,0.0,0.0,0.0,0.0,0.0,0.0,215.0,0.0,0.0,215.0,0.0,0.0,0.0,0.0,0.0,0.0,215.0,0.0,0.0,215.0,0.0,215.0,0.0,0.0,0.0,0.0,0.0,0.0,0.0,0.0,0.0,0.0,0.0,0.0,0.0,0.0,0.0,0.0,0.0
M203,0.0,0.0,0.0,0.0,65.0,0.0,0.0,0.0,0.0,0.0,0.0,0.0,65.0,0.0,0.0,0.0,65.0,0.0,0.0,0.0,0.0,0.0,0.0,0.0,0.0,0.0,0.0,0.0,0.0,0.0,0.0,0.0,0.0,65.0,0.0,0.0,0.0,65.0,0.0,0.0,0.0,0.0,0.0,0.0,65.0,0.0,0.0,65.0,0.0,0.0,0.0,65.0,0.0,0.0,65.0,0.0,0.0,0.0,65.0,0.0,0.0,65.0,0.0,0.0,0.0,0.0,0.0,0.0,0.0,0.0,0.0,0.0,0.0,0.0,0.0,0.0,65.0,0.0,65.0,0.0,0.0,65.0,0.0,0.0,65.0,0.0,0.0,0.0,65.0,0.0,0.0,0.0,65.0,0.0,0.0,0.0,65.0,0.0,0.0,0.0
M204,0.0,0.0,0.0,0.0,0.0,0.0,0.0,0.0,0.0,0.0,0.0,0.0,0.0,0.0,0.0,0.0,0.0,0.0,0.0,0.0,0.0,0.0,0.0,0.0,0.0,0.0,0.0,0.0,0.0,0.0,0.0,0.0,0.0,0.0,0.0,0.0,0.0,0.0,0.0,0.0,0.0,165.0,0.0,0.0,0.0,0.0,0.0,0.0,0.0,0.0,0.0,0.0,0.0,0.0,0.0,0.0,0.0,0.0,0.0,0.0,0.0,0.0,0.0,0.0,0.0,0.0,165.0,0.0,0.0,0.0,0.0,0.0,0.0,0.0,0.0,0.0,0.0,0.0,0.0,0.0,0.0,0.0,0.0,165.0,0.0,0.0,0.0,0.0,0.0,165.0,0.0,0.0,0.0,0.0,0.0,0.0,0.0,0.0,0.0,0.0
M205,0.0,0.0,0.0,0.0,0.0,0.0,0.0,0.0,215.0,0.0,115.0,0.0,0.0,0.0,115.0,0.0,215.0,0.0,0.0,115.0,0.0,0.0,0.0,115.0,0.0,215.0,0.0,115.0,0.0,0.0,0.0,115.0,0.0,215.0,0.0,0.0,0.0,0.0,0.0,0.0,0.0,0.0,0.0,0.0,0.0,0.0,0.0,0.0,0.0,115.0,0.0,0.0,0.0,115.0,0.0,0.0,0.0,0.0,0.0,0.0,115.0,0.0,0.0,115.0,0.0,215.0,0.0,115.0,0.0,0.0,0.0,0.0,0.0,0.0,0.0,0.0,215.0,115.0,215.0,0.0,0.0,0.0,0.0,0.0,0.0,0.0,0.0,0.0,0.0,0.0,0.0,0.0,0.0,0.0,0.0,0.0,0.0,0.0,0.0,0.0
M207,0.0,0.0,0.0,0.0,0.0,0.0,0.0,0.0,0.0,0.0,0.0,0.0,0.0,0.0,0.0,0.0,0.0,0.0,0.0,0.0,0.0,0.0,0.0,0.0,0.0,0.0,0.0,0.0,0.0,0.0,0.0,0.0,0.0,0.0,0.0,0.0,0.0,0.0,0.0,115.0,0.0,0.0,115.0,0.0,0.0,0.0,0.0,0.0,0.0,0.0,0.0,0.0,0.0,115.0,0.0,0.0,115.0,0.0,0.0,0.0,115.0,0.0,0.0,0.0,0.0,0.0,0.0,0.0,0.0,0.0,115.0,0.0,0.0,0.0,0.0,0.0,0.0,0.0,0.0,0.0,0.0,0.0,0.0,0.0,0.0,0.0,0.0,0.0,0.0,0.0,0.0,0.0,0.0,0.0,0.0,0.0,0.0,0.0,0.0,0.0
M208,0.0,0.0,0.0,0.0,0.0,0.0,0.0,0.0,0.0,0.0,0.0,0.0,0.0,0.0,0.0,0.0,265.0,0.0,0.0,0.0,0.0,265.0,0.0,0.0,0.0,265.0,0.0,0.0,0.0,265.0,0.0,0.0,0.0,265.0,0.0,0.0,0.0,265.0,0.0,0.0,0.0,0.0,0.0,0.0,265.0,0.0,0.0,265.0,0.0,0.0,0.0,265.0,0.0,0.0,265.0,0.0,0.0,0.0,265.0,0.0,0.0,265.0,0.0,0.0,0.0,265.0,0.0,0.0,265.0,0.0,0.0,0.0,265.0,0.0,0.0,0.0,265.0,0.0,265.0,0.0,0.0,265.0,0.0,0.0,265.0,0.0,0.0,0.0,265.0,0.0,0.0,0.0,265.0,0.0,0.0,0.0,265.0,0.0,0.0,265.0
M209,0.0,0.0,0.0,0.0,0.0,0.0,0.0,0.0,0.0,0.0,0.0,0.0,0.0,0.0,0.0,0.0,0.0,0.0,0.0,0.0,0.0,65.0,0.0,0.0,0.0,65.0,0.0,0.0,0.0,0.0,0.0,0.0,0.0,0.0,0.0,0.0,0.0,0.0,0.0,0.0,0.0,0.0,0.0,0.0,0.0,0.0,0.0,0.0,0.0,0.0,0.0,0.0,0.0,0.0,65.0,0.0,0.0,0.0,65.0,0.0,0.0,0.0,0.0,0.0,0.0,65.0,0.0,0.0,65.0,0.0,0.0,0.0,65.0,0.0,0.0,0.0,65.0,0.0,65.0,0.0,0.0,65.0,0.0,0.0,0.0,0.0,0.0,0.0,0.0,0.0,0.0,0.0,0.0,0.0,0.0,0.0,0.0,0.0,0.0,0.0
M210,0.0,0.0,0.0,0.0,0.0,0.0,0.0,0.0,0.0,0.0,0.0,0.0,0.0,0.0,0.0,0.0,0.0,0.0,0.0,0.0,0.0,0.0,0.0,0.0,0.0,0.0,0.0,0.0,0.0,0.0,0.0,0.0,0.0,0.0,0.0,0.0,0.0,0.0,0.0,0.0,0.0,0.0,0.0,0.0,0.0,0.0,0.0,0.0,0.0,0.0,0.0,0.0,0.0,0.0,115.0,0.0,0.0,0.0,115.0,0.0,0.0,0.0,0.0,0.0,0.0,0.0,0.0,0.0,0.0,0.0,0.0,0.0,0.0,0.0,0.0,0.0,0.0,0.0,115.0,0.0,0.0,0.0,0.0,0.0,0.0,0.0,0.0,0.0,0.0,0.0,0.0,0.0,0.0,0.0,0.0,0.0,0.0,0.0,0.0,0.0
M211,0.0,0.0,0.0,0.0,0.0,0.0,0.0,0.0,0.0,0.0,0.0,0.0,0.0,165.0,0.0,0.0,0.0,0.0,0.0,0.0,0.0,0.0,0.0,0.0,0.0,0.0,0.0,0.0,0.0,0.0,0.0,0.0,0.0,0.0,0.0,0.0,0.0,0.0,0.0,0.0,0.0,165.0,0.0,0.0,0.0,0.0,0.0,0.0,0.0,0.0,0.0,0.0,165.0,0.0,0.0,0.0,0.0,0.0,0.0,165.0,0.0,0.0,165.0,0.0,0.0,0.0,165.0,0.0,0.0,165.0,0.0,0.0,0.0,165.0,0.0,0.0,0.0,165.0,0.0,165.0,0.0,0.0,0.0,0.0,0.0,0.0,0.0,0.0,0.0,0.0,0.0,0.0,0.0,0.0,0.0,0.0,0.0,0.0,0.0,0.0
M216,0.0,0.0,0.0,0.0,0.0,0.0,0.0,0.0,0.0,0.0,0.0,0.0,0.0,0.0,0.0,0.0,0.0,0.0,0.0,0.0,0.0,0.0,0.0,0.0,0.0,0.0,0.0,0.0,0.0,0.0,0.0,0.0,0.0,0.0,0.0,0.0,0.0,0.0,0.0,0.0,0.0,0.0,0.0,0.0,0.0,0.0,0.0,0.0,0.0,0.0,0.0,0.0,0.0,0.0,65.0,0.0,0.0,0.0,65.0,0.0,0.0,0.0,0.0,0.0,0.0,65.0,0.0,0.0,0.0,0.0,0.0,0.0,0.0,0.0,0.0,0.0,0.0,0.0,65.0,0.0,0.0,0.0,0.0,0.0,0.0,0.0,0.0,0.0,0.0,0.0,0.0,0.0,0.0,0.0,0.0,0.0,0.0,0.0,0.0,0.0
M217,0.0,0.0,0.0,0.0,0.0,0.0,0.0,0.0,0.0,0.0,0.0,0.0,0.0,0.0,0.0,0.0,0.0,0.0,0.0,0.0,0.0,0.0,0.0,0.0,0.0,0.0,0.0,0.0,0.0,0.0,0.0,0.0,0.0,0.0,0.0,0.0,0.0,0.0,0.0,0.0,0.0,0.0,0.0,0.0,0.0,0.0,0.0,0.0,0.0,0.0,0.0,0.0,0.0,0.0,515.0,0.0,0.0,0.0,515.0,0.0,0.0,0.0,0.0,0.0,0.0,515.0,0.0,0.0,515.0,0.0,0.0,0.0,0.0,0.0,0.0,0.0,515.0,0.0,515.0,0.0,0.0,515.0,0.0,0.0,0.0,0.0,0.0,0.0,0.0,0.0,0.0,0.0,0.0,0.0,0.0,0.0,0.0,0.0,0.0,0.0
M218,0.0,0.0,0.0,0.0,0.0,0.0,0.0,0.0,0.0,0.0,0.0,0.0,0.0,0.0,0.0,0.0,0.0,0.0,0.0,0.0,0.0,0.0,0.0,0.0,0.0,0.0,0.0,0.0,0.0,0.0,0.0,0.0,0.0,0.0,0.0,0.0,0.0,0.0,0.0,0.0,0.0,0.0,0.0,0.0,0.0,0.0,0.0,0.0,0.0,0.0,0.0,0.0,65.0,0.0,0.0,0.0,0.0,0.0,0.0,65.0,0.0,0.0,65.0,0.0,0.0,0.0,65.0,0.0,0.0,65.0,0.0,0.0,0.0,65.0,0.0,0.0,0.0,65.0,0.0,65.0,0.0,0.0,0.0,65.0,0.0,65.0,65.0,0.0,0.0,65.0,0.0,0.0,0.0,0.0,0.0,0.0,0.0,65.0,65.0,0.0
M219,0.0,0.0,0.0,0.0,0.0,0.0,0.0,0.0,0.0,0.0,0.0,0.0,0.0,0.0,0.0,0.0,0.0,0.0,0.0,0.0,0.0,0.0,0.0,0.0,0.0,0.0,0.0,0.0,0.0,0.0,0.0,0.0,0.0,0.0,0.0,0.0,0.0,0.0,0.0,0.0,115.0,0.0,0.0,0.0,0.0,0.0,0.0,0.0,0.0,0.0,0.0,0.0,0.0,0.0,115.0,0.0,0.0,0.0,0.0,0.0,0.0,0.0,0.0,0.0,0.0,0.0,0.0,0.0,115.0,0.0,0.0,0.0,0.0,0.0,0.0,0.0,0.0,0.0,0.0,0.0,0.0,0.0,0.0,0.0,115.0,0.0,0.0,115.0,0.0,0.0,0.0,0.0,0.0,0.0,0.0,115.0,0.0,0.0,0.0,0.0
M220,0.0,0.0,0.0,0.0,0.0,0.0,0.0,0.0,0.0,0.0,0.0,0.0,0.0,0.0,0.0,0.0,0.0,0.0,0.0,0.0,0.0,0.0,0.0,0.0,0.0,0.0,0.0,0.0,0.0,0.0,0.0,0.0,0.0,0.0,0.0,0.0,0.0,0.0,0.0,0.0,0.0,0.0,0.0,0.0,0.0,0.0,0.0,0.0,0.0,0.0,0.0,0.0,0.0,0.0,0.0,0.0,0.0,0.0,0.0,0.0,515.0,0.0,0.0,0.0,0.0,0.0,0.0,0.0,0.0,0.0,0.0,0.0,0.0,0.0,0.0,0.0,0.0,0.0,0.0,0.0,0.0,0.0,0.0,0.0,0.0,0.0,0.0,0.0,0.0,0.0,0.0,0.0,0.0,0.0,0.0,0.0,0.0,0.0,0.0,0.0
M221,0.0,0.0,0.0,0.0,0.0,0.0,0.0,0.0,0.0,0.0,0.0,0.0,0.0,0.0,0.0,0.0,0.0,0.0,0.0,0.0,0.0,115.0,0.0,0.0,0.0,115.0,0.0,0.0,0.0,0.0,0.0,0.0,0.0,0.0,0.0,0.0,0.0,0.0,0.0,0.0,0.0,0.0,0.0,0.0,0.0,0.0,0.0,0.0,0.0,0.0,0.0,0.0,0.0,0.0,115.0,0.0,0.0,0.0,115.0,0.0,0.0,0.0,0.0,0.0,0.0,0.0,0.0,0.0,115.0,0.0,0.0,0.0,115.0,0.0,0.0,0.0,0.0,0.0,115.0,0.0,0.0,0.0,0.0,0.0,0.0,0.0,0.0,0.0,0.0,0.0,0.0,0.0,0.0,0.0,0.0,0.0,0.0,0.0,0.0,0.0
M222,0.0,0.0,0.0,0.0,0.0,0.0,0.0,0.0,0.0,0.0,0.0,0.0,0.0,0.0,0.0,0.0,0.0,0.0,0.0,0.0,0.0,0.0,0.0,0.0,0.0,0.0,0.0,0.0,0.0,0.0,0.0,0.0,0.0,0.0,0.0,0.0,0.0,0.0,0.0,0.0,0.0,0.0,0.0,0.0,0.0,0.0,0.0,0.0,0.0,0.0,0.0,0.0,0.0,0.0,0.0,0.0,0.0,0.0,0.0,0.0,0.0,0.0,0.0,0.0,0.0,315.0,0.0,0.0,0.0,0.0,0.0,0.0,0.0,0.0,0.0,0.0,0.0,0.0,0.0,0.0,0.0,0.0,0.0,0.0,0.0,0.0,0.0,0.0,0.0,0.0,0.0,0.0,0.0,0.0,0.0,0.0,0.0,0.0,0.0,0.0
M224,0.0,0.0,0.0,0.0,0.0,0.0,0.0,0.0,0.0,0.0,0.0,0.0,0.0,0.0,0.0,0.0,0.0,0.0,0.0,0.0,0.0,0.0,0.0,0.0,0.0,0.0,0.0,0.0,0.0,0.0,0.0,0.0,0.0,0.0,0.0,0.0,0.0,0.0,0.0,115.0,0.0,0.0,115.0,0.0,0.0,0.0,0.0,0.0,0.0,0.0,0.0,0.0,0.0,115.0,0.0,0.0,115.0,0.0,0.0,0.0,115.0,0.0,0.0,0.0,0.0,0.0,0.0,115.0,0.0,0.0,115.0,0.0,0.0,0.0,0.0,0.0,0.0,115.0,0.0,0.0,115.0,0.0,115.0,0.0,0.0,0.0,0.0,0.0,0.0,0.0,0.0,0.0,0.0,0.0,0.0,0.0,0.0,0.0,0.0,0.0
M225,0.0,0.0,0.0,0.0,0.0,0.0,0.0,0.0,0.0,0.0,0.0,0.0,0.0,0.0,0.0,0.0,0.0,0.0,0.0,0.0,0.0,65.0,0.0,0.0,0.0,65.0,0.0,0.0,0.0,0.0,0.0,0.0,0.0,0.0,0.0,0.0,0.0,0.0,0.0,0.0,0.0,0.0,0.0,0.0,0.0,0.0,0.0,0.0,0.0,0.0,0.0,0.0,0.0,0.0,0.0,0.0,0.0,0.0,0.0,0.0,0.0,0.0,0.0,0.0,0.0,0.0,0.0,0.0,0.0,0.0,0.0,0.0,0.0,0.0,0.0,0.0,0.0,0.0,0.0,0.0,0.0,0.0,0.0,0.0,0.0,0.0,0.0,0.0,0.0,0.0,0.0,0.0,0.0,0.0,0.0,0.0,0.0,0.0,0.0,0.0
M227,0.0,0.0,0.0,0.0,0.0,0.0,0.0,0.0,0.0,0.0,0.0,0.0,0.0,0.0,0.0,0.0,0.0,0.0,0.0,0.0,0.0,0.0,0.0,0.0,0.0,0.0,0.0,0.0,0.0,0.0,0.0,0.0,0.0,0.0,0.0,0.0,0.0,0.0,0.0,215.0,0.0,0.0,215.0,0.0,0.0,0.0,0.0,0.0,0.0,0.0,0.0,0.0,0.0,0.0,0.0,0.0,215.0,0.0,0.0,0.0,215.0,0.0,0.0,0.0,0.0,0.0,0.0,0.0,0.0,0.0,0.0,0.0,0.0,0.0,0.0,0.0,0.0,0.0,0.0,0.0,0.0,0.0,0.0,0.0,0.0,0.0,0.0,0.0,0.0,0.0,0.0,0.0,0.0,0.0,0.0,0.0,0.0,0.0,0.0,0.0
M228,0.0,0.0,0.0,0.0,0.0,0.0,0.0,0.0,0.0,0.0,0.0,0.0,0.0,0.0,0.0,0.0,0.0,0.0,0.0,0.0,0.0,0.0,0.0,0.0,0.0,0.0,0.0,0.0,0.0,0.0,0.0,0.0,0.0,0.0,0.0,0.0,0.0,0.0,0.0,65.0,0.0,0.0,65.0,0.0,0.0,0.0,0.0,0.0,0.0,0.0,0.0,0.0,0.0,65.0,0.0,0.0,65.0,0.0,0.0,0.0,65.0,0.0,0.0,0.0,0.0,0.0,0.0,65.0,0.0,0.0,65.0,0.0,0.0,0.0,0.0,0.0,0.0,65.0,0.0,0.0,65.0,0.0,65.0,0.0,0.0,0.0,0.0,0.0,0.0,0.0,0.0,0.0,0.0,0.0,0.0,0.0,0.0,0.0,0.0,0.0
M229,0.0,0.0,0.0,0.0,0.0,0.0,0.0,0.0,0.0,0.0,0.0,0.0,0.0,0.0,0.0,0.0,0.0,0.0,0.0,0.0,0.0,0.0,0.0,0.0,0.0,0.0,0.0,0.0,0.0,0.0,0.0,0.0,0.0,0.0,0.0,0.0,0.0,0.0,0.0,0.0,0.0,0.0,0.0,0.0,0.0,0.0,0.0,0.0,0.0,0.0,0.0,0.0,0.0,0.0,0.0,0.0,0.0,0.0,0.0,0.0,0.0,0.0,0.0,0.0,0.0,0.0,0.0,115.0,0.0,0.0,115.0,0.0,0.0,0.0,115.0,0.0,0.0,115.0,0.0,0.0,115.0,0.0,115.0,0.0,0.0,115.0,115.0,0.0,0.0,0.0,115.0,0.0,0.0,0.0,115.0,0.0,0.0,0.0,0.0,0.0
M230,0.0,0.0,0.0,0.0,0.0,0.0,0.0,0.0,0.0,0.0,0.0,0.0,0.0,115.0,0.0,0.0,0.0,0.0,0.0,0.0,0.0,0.0,0.0,0.0,0.0,0.0,0.0,0.0,0.0,0.0,0.0,0.0,0.0,0.0,0.0,0.0,0.0,0.0,0.0,0.0,0.0,115.0,0.0,0.0,0.0,0.0,0.0,0.0,0.0,0.0,0.0,0.0,115.0,0.0,0.0,0.0,0.0,0.0,0.0,0.0,0.0,0.0,0.0,0.0,0.0,0.0,0.0,0.0,0.0,0.0,0.0,0.0,0.0,0.0,0.0,0.0,0.0,0.0,0.0,0.0,0.0,0.0,0.0,0.0,0.0,0.0,0.0,0.0,0.0,0.0,0.0,0.0,0.0,0.0,0.0,0.0,0.0,0.0,0.0,0.0
M231,0.0,0.0,0.0,0.0,0.0,0.0,0.0,0.0,0.0,0.0,0.0,0.0,0.0,0.0,0.0,0.0,0.0,0.0,0.0,0.0,0.0,0.0,0.0,0.0,0.0,0.0,0.0,0.0,0.0,0.0,0.0,0.0,0.0,0.0,0.0,0.0,0.0,0.0,0.0,0.0,0.0,0.0,0.0,0.0,0.0,0.0,0.0,0.0,0.0,0.0,0.0,0.0,0.0,0.0,0.0,0.0,0.0,0.0,0.0,115.0,0.0,0.0,0.0,0.0,0.0,0.0,0.0,0.0,0.0,0.0,0.0,0.0,0.0,0.0,0.0,0.0,0.0,0.0,0.0,0.0,0.0,0.0,0.0,0.0,0.0,0.0,0.0,0.0,0.0,0.0,0.0,0.0,0.0,0.0,0.0,0.0,0.0,0.0,0.0,0.0
M232,0.0,0.0,0.0,0.0,0.0,0.0,0.0,0.0,0.0,0.0,0.0,0.0,0.0,0.0,0.0,0.0,0.0,0.0,0.0,0.0,0.0,0.0,0.0,0.0,0.0,0.0,0.0,0.0,0.0,0.0,0.0,0.0,0.0,0.0,0.0,0.0,0.0,0.0,0.0,0.0,0.0,0.0,0.0,0.0,0.0,0.0,0.0,0.0,0.0,0.0,0.0,0.0,0.0,0.0,0.0,0.0,0.0,0.0,0.0,0.0,0.0,0.0,0.0,0.0,0.0,0.0,0.0,0.0,115.0,0.0,0.0,0.0,0.0,0.0,0.0,0.0,115.0,0.0,115.0,0.0,0.0,115.0,0.0,0.0,0.0,0.0,0.0,0.0,0.0,0.0,0.0,0.0,0.0,0.0,0.0,0.0,0.0,0.0,0.0,0.0
M233,0.0,0.0,0.0,0.0,0.0,0.0,0.0,0.0,0.0,0.0,0.0,0.0,0.0,0.0,0.0,0.0,0.0,0.0,0.0,0.0,0.0,0.0,0.0,0.0,0.0,0.0,0.0,0.0,0.0,0.0,0.0,0.0,0.0,0.0,0.0,0.0,0.0,0.0,0.0,65.0,0.0,0.0,65.0,0.0,0.0,0.0,0.0,0.0,0.0,0.0,0.0,0.0,0.0,65.0,0.0,0.0,65.0,0.0,0.0,0.0,65.0,0.0,0.0,0.0,0.0,0.0,0.0,65.0,0.0,0.0,65.0,0.0,0.0,0.0,0.0,0.0,0.0,65.0,0.0,0.0,65.0,0.0,65.0,0.0,0.0,0.0,0.0,0.0,0.0,0.0,0.0,0.0,0.0,0.0,0.0,0.0,0.0,0.0,0.0,0.0
M235,0.0,0.0,0.0,0.0,0.0,0.0,0.0,0.0,0.0,0.0,0.0,0.0,0.0,0.0,0.0,0.0,0.0,0.0,0.0,0.0,0.0,0.0,0.0,0.0,0.0,0.0,0.0,0.0,0.0,0.0,0.0,0.0,0.0,0.0,0.0,0.0,0.0,0.0,0.0,0.0,0.0,0.0,0.0,0.0,0.0,0.0,0.0,0.0,0.0,0.0,0.0,0.0,0.0,0.0,0.0,0.0,0.0,0.0,0.0,0.0,0.0,0.0,0.0,0.0,0.0,65.0,0.0,0.0,0.0,0.0,0.0,0.0,0.0,0.0,0.0,0.0,0.0,0.0,65.0,0.0,0.0,65.0,0.0,0.0,0.0,0.0,0.0,0.0,0.0,0.0,0.0,0.0,0.0,0.0,0.0,0.0,0.0,0.0,0.0,0.0
M236,0.0,0.0,0.0,0.0,0.0,0.0,0.0,0.0,0.0,0.0,0.0,0.0,0.0,0.0,0.0,0.0,0.0,0.0,0.0,0.0,0.0,0.0,0.0,0.0,0.0,0.0,0.0,0.0,0.0,0.0,0.0,0.0,0.0,0.0,0.0,0.0,0.0,0.0,0.0,0.0,0.0,0.0,0.0,0.0,0.0,0.0,0.0,0.0,0.0,0.0,0.0,0.0,0.0,0.0,215.0,0.0,0.0,0.0,215.0,0.0,0.0,0.0,0.0,0.0,0.0,215.0,0.0,0.0,215.0,0.0,0.0,0.0,215.0,0.0,0.0,0.0,215.0,0.0,215.0,0.0,0.0,215.0,0.0,0.0,0.0,0.0,0.0,0.0,0.0,0.0,0.0,0.0,0.0,0.0,0.0,0.0,0.0,0.0,0.0,0.0
M237,0.0,0.0,0.0,0.0,0.0,0.0,0.0,0.0,0.0,0.0,0.0,0.0,0.0,0.0,0.0,0.0,0.0,0.0,0.0,0.0,0.0,0.0,0.0,0.0,0.0,0.0,0.0,0.0,0.0,0.0,0.0,0.0,0.0,0.0,0.0,0.0,0.0,0.0,0.0,0.0,0.0,0.0,0.0,0.0,0.0,0.0,0.0,0.0,0.0,0.0,0.0,0.0,0.0,0.0,265.0,0.0,0.0,0.0,265.0,0.0,0.0,0.0,0.0,0.0,0.0,265.0,0.0,0.0,265.0,0.0,0.0,0.0,265.0,0.0,0.0,0.0,265.0,0.0,0.0,0.0,0.0,265.0,0.0,0.0,0.0,0.0,0.0,0.0,0.0,0.0,0.0,0.0,0.0,0.0,0.0,0.0,0.0,0.0,0.0,0.0
M238,0.0,0.0,0.0,0.0,0.0,0.0,0.0,0.0,0.0,0.0,0.0,0.0,0.0,0.0,0.0,0.0,0.0,0.0,0.0,0.0,0.0,0.0,0.0,0.0,0.0,0.0,0.0,0.0,0.0,0.0,0.0,0.0,0.0,0.0,0.0,0.0,0.0,0.0,0.0,215.0,0.0,0.0,215.0,0.0,0.0,0.0,0.0,0.0,0.0,0.0,0.0,0.0,0.0,215.0,0.0,0.0,215.0,0.0,0.0,0.0,215.0,0.0,0.0,0.0,0.0,0.0,0.0,215.0,0.0,0.0,215.0,0.0,0.0,0.0,0.0,0.0,0.0,215.0,0.0,0.0,215.0,0.0,215.0,0.0,0.0,0.0,0.0,0.0,0.0,0.0,0.0,0.0,0.0,0.0,0.0,0.0,0.0,0.0,0.0,0.0
M240,0.0,0.0,0.0,0.0,0.0,0.0,0.0,0.0,215.0,0.0,0.0,0.0,215.0,0.0,0.0,0.0,215.0,0.0,0.0,0.0,0.0,215.0,0.0,0.0,0.0,215.0,0.0,0.0,0.0,215.0,0.0,0.0,0.0,215.0,0.0,0.0,0.0,215.0,0.0,0.0,0.0,0.0,0.0,0.0,215.0,0.0,0.0,215.0,0.0,0.0,0.0,215.0,0.0,0.0,280.0,0.0,0.0,0.0,280.0,0.0,0.0,0.0,0.0,0.0,0.0,65.0,0.0,0.0,65.0,0.0,0.0,0.0,65.0,0.0,0.0,0.0,65.0,0.0,65.0,0.0,0.0,65.0,0.0,0.0,0.0,0.0,0.0,0.0,0.0,0.0,0.0,0.0,0.0,0.0,0.0,0.0,0.0,0.0,0.0,0.0
M241,0.0,0.0,0.0,0.0,0.0,0.0,0.0,0.0,0.0,0.0,0.0,0.0,0.0,0.0,0.0,0.0,0.0,0.0,0.0,0.0,0.0,0.0,0.0,0.0,0.0,0.0,0.0,0.0,0.0,0.0,0.0,0.0,0.0,0.0,0.0,0.0,0.0,0.0,0.0,0.0,0.0,0.0,0.0,0.0,0.0,0.0,0.0,65.0,0.0,0.0,0.0,0.0,0.0,0.0,0.0,0.0,0.0,0.0,0.0,0.0,0.0,0.0,0.0,0.0,0.0,0.0,0.0,0.0,0.0,0.0,0.0,0.0,0.0,0.0,0.0,0.0,0.0,0.0,0.0,0.0,0.0,0.0,0.0,0.0,0.0,0.0,0.0,0.0,0.0,0.0,0.0,0.0,0.0,0.0,0.0,0.0,0.0,0.0,0.0,0.0
M242,0.0,0.0,0.0,0.0,0.0,0.0,0.0,0.0,0.0,0.0,0.0,0.0,0.0,265.0,0.0,0.0,0.0,0.0,0.0,0.0,0.0,0.0,0.0,0.0,0.0,0.0,0.0,0.0,0.0,0.0,0.0,0.0,0.0,0.0,0.0,0.0,0.0,0.0,0.0,0.0,0.0,265.0,0.0,0.0,0.0,0.0,0.0,0.0,0.0,0.0,0.0,0.0,265.0,0.0,0.0,0.0,0.0,0.0,0.0,0.0,0.0,0.0,0.0,0.0,0.0,0.0,0.0,0.0,0.0,0.0,0.0,0.0,0.0,0.0,0.0,0.0,0.0,0.0,0.0,0.0,0.0,0.0,0.0,0.0,0.0,0.0,0.0,0.0,0.0,0.0,0.0,0.0,0.0,0.0,0.0,0.0,0.0,0.0,0.0,0.0
M243,0.0,0.0,0.0,0.0,0.0,0.0,0.0,0.0,0.0,0.0,0.0,0.0,0.0,0.0,0.0,0.0,0.0,0.0,0.0,0.0,0.0,0.0,0.0,0.0,0.0,0.0,0.0,0.0,0.0,0.0,0.0,0.0,0.0,0.0,0.0,0.0,0.0,0.0,0.0,0.0,0.0,0.0,0.0,0.0,0.0,0.0,0.0,0.0,0.0,0.0,0.0,0.0,0.0,0.0,215.0,0.0,0.0,0.0,215.0,0.0,0.0,0.0,0.0,0.0,0.0,0.0,0.0,0.0,215.0,0.0,0.0,0.0,215.0,0.0,0.0,0.0,215.0,0.0,0.0,0.0,0.0,215.0,0.0,0.0,0.0,0.0,0.0,0.0,0.0,0.0,0.0,0.0,0.0,0.0,0.0,0.0,0.0,0.0,0.0,0.0
M244,0.0,0.0,0.0,0.0,0.0,0.0,0.0,0.0,0.0,0.0,0.0,0.0,0.0,0.0,0.0,0.0,0.0,0.0,0.0,0.0,0.0,0.0,0.0,0.0,0.0,0.0,0.0,0.0,0.0,0.0,0.0,0.0,0.0,0.0,0.0,0.0,0.0,0.0,0.0,215.0,0.0,0.0,215.0,0.0,0.0,0.0,0.0,0.0,0.0,0.0,0.0,0.0,0.0,215.0,0.0,0.0,215.0,0.0,0.0,0.0,215.0,0.0,0.0,0.0,0.0,0.0,0.0,215.0,0.0,0.0,215.0,0.0,0.0,0.0,0.0,0.0,0.0,215.0,0.0,0.0,215.0,0.0,215.0,0.0,0.0,0.0,0.0,0.0,0.0,0.0,0.0,0.0,0.0,0.0,0.0,0.0,0.0,0.0,0.0,0.0
M245,0.0,0.0,0.0,0.0,0.0,0.0,0.0,0.0,0.0,0.0,0.0,0.0,0.0,115.0,0.0,0.0,0.0,0.0,0.0,0.0,0.0,0.0,0.0,0.0,0.0,0.0,0.0,0.0,0.0,0.0,0.0,0.0,0.0,0.0,0.0,0.0,0.0,0.0,0.0,0.0,0.0,115.0,0.0,0.0,0.0,0.0,0.0,0.0,0.0,0.0,0.0,0.0,115.0,0.0,0.0,0.0,0.0,0.0,0.0,115.0,0.0,0.0,115.0,0.0,0.0,0.0,115.0,0.0,0.0,115.0,0.0,0.0,0.0,115.0,0.0,0.0,0.0,0.0,0.0,115.0,0.0,0.0,0.0,0.0,0.0,115.0,115.0,0.0,0.0,115.0,0.0,0.0,0.0,115.0,0.0,0.0,0.0,0.0,0.0,0.0
M246,0.0,0.0,0.0,0.0,0.0,0.0,0.0,0.0,0.0,0.0,0.0,0.0,0.0,0.0,0.0,0.0,215.0,0.0,0.0,0.0,0.0,215.0,0.0,0.0,0.0,215.0,0.0,0.0,0.0,215.0,0.0,0.0,0.0,215.0,0.0,0.0,0.0,215.0,0.0,0.0,215.0,0.0,0.0,0.0,215.0,0.0,0.0,215.0,0.0,0.0,0.0,215.0,0.0,0.0,215.0,0.0,0.0,0.0,215.0,0.0,0.0,215.0,0.0,0.0,0.0,215.0,0.0,0.0,215.0,0.0,0.0,0.0,215.0,0.0,0.0,0.0,215.0,0.0,215.0,0.0,0.0,215.0,0.0,0.0,215.0,0.0,0.0,0.0,215.0,0.0,0.0,0.0,215.0,0.0,0.0,0.0,215.0,0.0,0.0,215.0
M248,0.0,0.0,0.0,0.0,0.0,0.0,0.0,0.0,0.0,0.0,0.0,0.0,0.0,0.0,0.0,0.0,0.0,0.0,0.0,0.0,0.0,0.0,0.0,0.0,0.0,0.0,0.0,0.0,0.0,0.0,0.0,0.0,0.0,0.0,0.0,0.0,0.0,0.0,0.0,115.0,0.0,0.0,115.0,0.0,0.0,0.0,0.0,0.0,0.0,0.0,0.0,0.0,0.0,115.0,0.0,0.0,0.0,0.0,0.0,0.0,0.0,0.0,0.0,0.0,0.0,0.0,0.0,0.0,0.0,0.0,0.0,0.0,0.0,0.0,0.0,0.0,0.0,0.0,0.0,0.0,0.0,0.0,0.0,0.0,0.0,0.0,0.0,0.0,0.0,0.0,0.0,0.0,0.0,0.0,0.0,0.0,0.0,0.0,0.0,0.0
M249,0.0,0.0,0.0,0.0,0.0,0.0,0.0,0.0,0.0,0.0,0.0,0.0,0.0,0.0,0.0,0.0,0.0,0.0,0.0,0.0,0.0,0.0,0.0,0.0,0.0,0.0,0.0,0.0,0.0,0.0,0.0,0.0,0.0,0.0,0.0,0.0,0.0,0.0,0.0,215.0,0.0,0.0,215.0,0.0,0.0,0.0,0.0,0.0,0.0,0.0,0.0,0.0,0.0,215.0,0.0,0.0,215.0,0.0,0.0,0.0,215.0,0.0,0.0,0.0,0.0,0.0,0.0,215.0,0.0,0.0,215.0,0.0,0.0,0.0,0.0,0.0,0.0,215.0,0.0,0.0,215.0,0.0,215.0,0.0,0.0,0.0,0.0,0.0,0.0,0.0,0.0,0.0,0.0,0.0,0.0,0.0,0.0,0.0,0.0,0.0
M251,0.0,0.0,0.0,0.0,0.0,0.0,0.0,0.0,0.0,0.0,0.0,0.0,0.0,0.0,0.0,0.0,0.0,0.0,0.0,0.0,0.0,0.0,0.0,0.0,0.0,0.0,0.0,0.0,0.0,0.0,0.0,0.0,0.0,0.0,0.0,0.0,0.0,0.0,0.0,0.0,0.0,0.0,0.0,0.0,0.0,0.0,0.0,0.0,0.0,0.0,0.0,0.0,0.0,0.0,65.0,0.0,0.0,0.0,65.0,0.0,0.0,0.0,0.0,0.0,0.0,65.0,0.0,0.0,65.0,0.0,0.0,0.0,0.0,0.0,0.0,0.0,0.0,0.0,0.0,0.0,0.0,0.0,0.0,0.0,0.0,0.0,0.0,0.0,0.0,0.0,0.0,0.0,0.0,0.0,0.0,0.0,0.0,0.0,0.0,0.0
M255,0.0,0.0,0.0,0.0,0.0,0.0,0.0,0.0,0.0,0.0,0.0,0.0,0.0,0.0,0.0,0.0,65.0,0.0,0.0,0.0,0.0,65.0,0.0,0.0,0.0,65.0,0.0,0.0,0.0,65.0,0.0,0.0,0.0,65.0,0.0,0.0,0.0,65.0,0.0,0.0,65.0,0.0,0.0,0.0,65.0,0.0,0.0,65.0,0.0,0.0,0.0,65.0,0.0,0.0,65.0,0.0,0.0,0.0,65.0,0.0,0.0,65.0,0.0,0.0,0.0,65.0,0.0,0.0,65.0,0.0,0.0,0.0,65.0,0.0,0.0,0.0,65.0,0.0,65.0,0.0,0.0,65.0,0.0,0.0,65.0,0.0,0.0,0.0,65.0,0.0,0.0,0.0,65.0,0.0,0.0,0.0,65.0,0.0,0.0,65.0
M256,0.0,0.0,0.0,0.0,0.0,0.0,0.0,0.0,0.0,0.0,0.0,0.0,0.0,0.0,0.0,0.0,0.0,0.0,0.0,0.0,0.0,0.0,0.0,0.0,0.0,0.0,0.0,0.0,0.0,0.0,0.0,0.0,0.0,0.0,0.0,0.0,0.0,0.0,0.0,115.0,0.0,0.0,0.0,0.0,0.0,0.0,0.0,0.0,0.0,0.0,0.0,0.0,0.0,115.0,0.0,0.0,0.0,0.0,0.0,0.0,0.0,0.0,0.0,0.0,0.0,0.0,0.0,115.0,0.0,0.0,0.0,0.0,0.0,0.0,0.0,0.0,0.0,0.0,0.0,0.0,0.0,0.0,115.0,0.0,0.0,0.0,0.0,0.0,0.0,0.0,0.0,0.0,0.0,0.0,0.0,0.0,0.0,0.0,0.0,0.0
M258,0.0,0.0,0.0,0.0,0.0,0.0,0.0,0.0,0.0,0.0,0.0,0.0,0.0,0.0,0.0,0.0,0.0,0.0,0.0,0.0,0.0,0.0,0.0,0.0,0.0,0.0,0.0,0.0,0.0,0.0,0.0,0.0,0.0,0.0,0.0,0.0,0.0,0.0,0.0,65.0,0.0,0.0,65.0,0.0,0.0,0.0,0.0,0.0,0.0,0.0,0.0,0.0,0.0,65.0,0.0,0.0,65.0,0.0,0.0,0.0,65.0,0.0,0.0,0.0,0.0,0.0,0.0,65.0,0.0,0.0,65.0,0.0,0.0,0.0,0.0,0.0,0.0,65.0,0.0,0.0,65.0,0.0,65.0,0.0,0.0,0.0,0.0,0.0,0.0,0.0,0.0,0.0,0.0,0.0,0.0,0.0,0.0,0.0,0.0,0.0
M260,0.0,0.0,0.0,0.0,0.0,0.0,0.0,0.0,0.0,0.0,0.0,0.0,0.0,0.0,0.0,0.0,0.0,0.0,0.0,0.0,0.0,0.0,0.0,0.0,0.0,0.0,0.0,0.0,0.0,0.0,0.0,0.0,0.0,0.0,0.0,0.0,0.0,0.0,0.0,315.0,0.0,0.0,315.0,0.0,0.0,0.0,0.0,0.0,0.0,0.0,0.0,0.0,0.0,315.0,0.0,0.0,315.0,0.0,0.0,0.0,315.0,0.0,0.0,0.0,0.0,0.0,0.0,315.0,0.0,0.0,315.0,0.0,0.0,0.0,0.0,0.0,0.0,315.0,0.0,0.0,315.0,0.0,315.0,0.0,0.0,0.0,0.0,0.0,0.0,0.0,0.0,0.0,0.0,0.0,0.0,0.0,0.0,0.0,0.0,0.0
M261,0.0,0.0,0.0,0.0,0.0,0.0,0.0,0.0,0.0,0.0,0.0,0.0,0.0,0.0,0.0,0.0,0.0,0.0,0.0,0.0,0.0,0.0,0.0,0.0,0.0,0.0,0.0,0.0,0.0,0.0,0.0,0.0,0.0,0.0,0.0,0.0,0.0,0.0,0.0,0.0,0.0,0.0,0.0,0.0,0.0,0.0,0.0,0.0,0.0,0.0,0.0,65.0,0.0,0.0,65.0,0.0,0.0,0.0,65.0,0.0,0.0,0.0,0.0,0.0,0.0,65.0,0.0,0.0,0.0,0.0,0.0,0.0,0.0,0.0,0.0,0.0,0.0,0.0,65.0,0.0,0.0,0.0,0.0,0.0,0.0,0.0,0.0,0.0,0.0,0.0,0.0,0.0,0.0,0.0,0.0,0.0,0.0,0.0,0.0,0.0
M262,0.0,0.0,0.0,0.0,0.0,0.0,0.0,0.0,0.0,0.0,0.0,0.0,0.0,0.0,0.0,0.0,0.0,0.0,0.0,0.0,0.0,0.0,0.0,0.0,0.0,0.0,0.0,0.0,0.0,0.0,0.0,0.0,0.0,0.0,0.0,0.0,0.0,0.0,0.0,215.0,0.0,0.0,215.0,0.0,0.0,0.0,0.0,0.0,0.0,0.0,0.0,0.0,0.0,215.0,0.0,0.0,215.0,0.0,0.0,0.0,215.0,0.0,0.0,0.0,0.0,0.0,0.0,0.0,0.0,0.0,0.0,0.0,0.0,0.0,0.0,0.0,0.0,0.0,0.0,0.0,0.0,0.0,0.0,0.0,0.0,0.0,0.0,0.0,0.0,0.0,0.0,0.0,0.0,0.0,0.0,0.0,0.0,0.0,0.0,0.0
M263,0.0,0.0,0.0,0.0,0.0,0.0,0.0,0.0,0.0,0.0,0.0,0.0,0.0,0.0,0.0,0.0,0.0,0.0,0.0,0.0,0.0,0.0,0.0,0.0,0.0,0.0,0.0,0.0,0.0,0.0,0.0,115.0,0.0,0.0,0.0,0.0,0.0,0.0,0.0,0.0,0.0,0.0,115.0,0.0,0.0,0.0,115.0,0.0,0.0,115.0,0.0,0.0,0.0,0.0,0.0,0.0,0.0,0.0,0.0,0.0,0.0,0.0,0.0,0.0,0.0,0.0,0.0,0.0,0.0,0.0,0.0,0.0,0.0,0.0,0.0,0.0,0.0,0.0,0.0,0.0,0.0,0.0,0.0,0.0,0.0,0.0,0.0,0.0,0.0,0.0,0.0,0.0,0.0,0.0,115.0,0.0,0.0,0.0,0.0,0.0
M264,0.0,0.0,0.0,0.0,0.0,0.0,0.0,0.0,0.0,0.0,0.0,0.0,0.0,0.0,0.0,0.0,0.0,0.0,0.0,0.0,0.0,0.0,0.0,0.0,0.0,0.0,0.0,0.0,0.0,0.0,0.0,0.0,0.0,0.0,0.0,0.0,0.0,0.0,0.0,0.0,0.0,65.0,0.0,0.0,0.0,0.0,0.0,0.0,0.0,0.0,0.0,0.0,65.0,0.0,0.0,0.0,0.0,0.0,0.0,65.0,0.0,0.0,65.0,0.0,0.0,0.0,65.0,0.0,0.0,65.0,0.0,0.0,0.0,65.0,0.0,0.0,0.0,65.0,0.0,65.0,0.0,0.0,0.0,65.0,0.0,65.0,65.0,0.0,0.0,65.0,0.0,0.0,0.0,65.0,0.0,0.0,0.0,65.0,65.0,0.0
M265,0.0,0.0,0.0,0.0,0.0,0.0,0.0,0.0,0.0,0.0,0.0,0.0,0.0,0.0,0.0,0.0,0.0,0.0,0.0,0.0,0.0,0.0,0.0,0.0,0.0,0.0,0.0,0.0,0.0,0.0,0.0,0.0,0.0,0.0,0.0,0.0,0.0,0.0,0.0,0.0,0.0,115.0,0.0,0.0,0.0,0.0,0.0,0.0,0.0,0.0,0.0,0.0,0.0,0.0,0.0,0.0,0.0,0.0,0.0,0.0,0.0,0.0,115.0,0.0,0.0,0.0,0.0,0.0,0.0,115.0,0.0,0.0,0.0,0.0,0.0,0.0,0.0,0.0,0.0,0.0,0.0,0.0,0.0,0.0,0.0,0.0,0.0,0.0,0.0,0.0,0.0,0.0,0.0,0.0,0.0,0.0,0.0,0.0,0.0,0.0
M266,0.0,0.0,0.0,0.0,115.0,0.0,0.0,0.0,115.0,0.0,0.0,0.0,115.0,0.0,0.0,0.0,230.0,0.0,0.0,0.0,0.0,115.0,0.0,0.0,0.0,115.0,0.0,0.0,0.0,0.0,0.0,0.0,0.0,115.0,0.0,0.0,0.0,115.0,0.0,0.0,0.0,0.0,0.0,0.0,115.0,0.0,0.0,0.0,0.0,0.0,0.0,0.0,0.0,0.0,0.0,0.0,0.0,0.0,115.0,0.0,0.0,115.0,0.0,0.0,0.0,0.0,0.0,0.0,115.0,0.0,0.0,0.0,115.0,0.0,0.0,0.0,115.0,0.0,115.0,0.0,0.0,0.0,0.0,0.0,115.0,0.0,0.0,0.0,115.0,0.0,0.0,0.0,115.0,0.0,0.0,0.0,115.0,0.0,0.0,115.0
M267,0.0,0.0,0.0,0.0,115.0,0.0,0.0,0.0,115.0,0.0,0.0,0.0,115.0,0.0,0.0,0.0,115.0,0.0,0.0,0.0,0.0,115.0,0.0,0.0,0.0,115.0,0.0,0.0,0.0,115.0,0.0,0.0,0.0,115.0,0.0,0.0,0.0,115.0,0.0,0.0,115.0,0.0,0.0,0.0,115.0,0.0,0.0,115.0,0.0,0.0,0.0,115.0,0.0,0.0,115.0,0.0,0.0,0.0,115.0,0.0,0.0,115.0,0.0,0.0,0.0,115.0,0.0,0.0,115.0,0.0,0.0,0.0,115.0,0.0,0.0,0.0,115.0,0.0,115.0,0.0,0.0,115.0,0.0,0.0,115.0,0.0,0.0,0.0,115.0,0.0,0.0,0.0,115.0,0.0,0.0,0.0,115.0,0.0,0.0,115.0
M270,0.0,0.0,515.0,0.0,0.0,0.0,515.0,0.0,0.0,0.0,515.0,0.0,0.0,0.0,515.0,0.0,0.0,0.0,0.0,515.0,0.0,0.0,0.0,515.0,0.0,0.0,0.0,515.0,0.0,0.0,0.0,515.0,0.0,0.0,0.0,515.0,0.0,0.0,0.0,515.0,0.0,0.0,515.0,0.0,0.0,0.0,515.0,0.0,0.0,515.0,0.0,0.0,0.0,515.0,0.0,0.0,515.0,0.0,0.0,0.0,515.0,0.0,0.0,515.0,0.0,0.0,0.0,515.0,0.0,0.0,515.0,0.0,0.0,0.0,515.0,0.0,0.0,515.0,0.0,0.0,0.0,0.0,0.0,0.0,0.0,515.0,515.0,0.0,0.0,0.0,515.0,0.0,0.0,0.0,515.0,0.0,0.0,0.0,0.0,0.0
M271,0.0,0.0,0.0,0.0,65.0,0.0,0.0,0.0,65.0,0.0,0.0,0.0,65.0,0.0,0.0,0.0,65.0,0.0,0.0,0.0,0.0,65.0,0.0,0.0,0.0,65.0,0.0,0.0,0.0,65.0,0.0,0.0,0.0,65.0,0.0,0.0,0.0,65.0,0.0,0.0,65.0,0.0,0.0,0.0,65.0,0.0,0.0,65.0,0.0,0.0,0.0,65.0,0.0,0.0,65.0,0.0,0.0,0.0,65.0,0.0,0.0,65.0,0.0,0.0,0.0,65.0,0.0,0.0,65.0,0.0,0.0,0.0,65.0,0.0,0.0,0.0,65.0,0.0,65.0,0.0,0.0,65.0,0.0,0.0,65.0,0.0,0.0,0.0,65.0,0.0,0.0,0.0,65.0,0.0,0.0,0.0,65.0,0.0,0.0,65.0
M272,0.0,0.0,115.0,0.0,0.0,0.0,0.0,0.0,0.0,0.0,115.0,0.0,0.0,0.0,115.0,0.0,0.0,0.0,0.0,0.0,0.0,0.0,0.0,0.0,0.0,0.0,0.0,0.0,0.0,0.0,0.0,0.0,0.0,115.0,0.0,0.0,0.0,115.0,0.0,0.0,0.0,0.0,0.0,0.0,115.0,0.0,0.0,115.0,0.0,0.0,0.0,115.0,0.0,0.0,115.0,0.0,0.0,0.0,0.0,0.0,0.0,115.0,0.0,0.0,0.0,115.0,0.0,0.0,0.0,0.0,0.0,0.0,0.0,0.0,0.0,0.0,115.0,0.0,0.0,0.0,0.0,0.0,0.0,0.0,0.0,0.0,0.0,0.0,0.0,0.0,0.0,0.0,0.0,0.0,0.0,0.0,0.0,0.0,0.0,0.0
M273,0.0,0.0,0.0,0.0,0.0,0.0,165.0,0.0,0.0,0.0,165.0,0.0,0.0,0.0,165.0,0.0,0.0,0.0,0.0,0.0,0.0,0.0,0.0,165.0,0.0,0.0,0.0,165.0,0.0,0.0,0.0,0.0,0.0,0.0,0.0,165.0,0.0,0.0,0.0,165.0,0.0,0.0,165.0,0.0,0.0,0.0,165.0,0.0,0.0,0.0,0.0,0.0,0.0,0.0,0.0,0.0,0.0,0.0,0.0,0.0,0.0,0.0,0.0,0.0,0.0,0.0,0.0,0.0,0.0,0.0,0.0,0.0,0.0,0.0,0.0,0.0,0.0,0.0,0.0,0.0,0.0,0.0,0.0,0.0,0.0,0.0,0.0,0.0,0.0,0.0,0.0,0.0,0.0,0.0,0.0,0.0,0.0,0.0,0.0,0.0
M274,0.0,0.0,315.0,0.0,0.0,0.0,315.0,0.0,0.0,0.0,315.0,0.0,0.0,0.0,315.0,0.0,0.0,0.0,0.0,315.0,0.0,0.0,0.0,315.0,0.0,0.0,0.0,315.0,0.0,0.0,0.0,315.0,0.0,0.0,0.0,315.0,0.0,0.0,0.0,315.0,0.0,0.0,315.0,0.0,0.0,0.0,315.0,0.0,0.0,315.0,0.0,0.0,0.0,315.0,0.0,0.0,315.0,0.0,0.0,0.0,315.0,0.0,0.0,315.0,0.0,0.0,0.0,315.0,0.0,0.0,315.0,0.0,0.0,0.0,315.0,0.0,0.0,315.0,0.0,0.0,315.0,0.0,315.0,0.0,0.0,315.0,315.0,0.0,0.0,0.0,315.0,0.0,0.0,0.0,315.0,0.0,0.0,0.0,0.0,0.0
M275,0.0,0.0,0.0,0.0,115.0,0.0,0.0,0.0,115.0,0.0,0.0,0.0,115.0,0.0,0.0,0.0,0.0,0.0,0.0,0.0,0.0,0.0,0.0,0.0,0.0,0.0,0.0,0.0,0.0,0.0,0.0,0.0,0.0,0.0,0.0,0.0,0.0,0.0,0.0,0.0,0.0,0.0,0.0,0.0,0.0,0.0,0.0,115.0,0.0,0.0,0.0,115.0,0.0,0.0,115.0,0.0,0.0,0.0,115.0,0.0,0.0,115.0,0.0,0.0,0.0,115.0,0.0,0.0,115.0,0.0,0.0,0.0,115.0,0.0,0.0,0.0,115.0,0.0,115.0,0.0,0.0,115.0,0.0,0.0,115.0,0.0,0.0,0.0,115.0,0.0,0.0,0.0,115.0,0.0,0.0,0.0,0.0,0.0,0.0,115.0
M276,0.0,0.0,215.0,0.0,0.0,0.0,215.0,0.0,0.0,0.0,215.0,0.0,0.0,0.0,215.0,0.0,0.0,0.0,0.0,215.0,0.0,0.0,0.0,215.0,0.0,0.0,0.0,215.0,0.0,0.0,0.0,215.0,0.0,0.0,0.0,215.0,0.0,0.0,0.0,215.0,0.0,0.0,215.0,0.0,0.0,0.0,215.0,0.0,0.0,215.0,0.0,0.0,0.0,215.0,0.0,0.0,215.0,0.0,0.0,0.0,215.0,0.0,0.0,215.0,0.0,0.0,0.0,215.0,0.0,0.0,0.0,0.0,0.0,0.0,0.0,0.0,0.0,0.0,0.0,0.0,0.0,0.0,0.0,0.0,0.0,0.0,0.0,0.0,0.0,0.0,0.0,0.0,0.0,0.0,0.0,0.0,0.0,0.0,0.0,0.0
M277,0.0,0.0,115.0,0.0,0.0,0.0,115.0,0.0,0.0,0.0,115.0,0.0,0.0,0.0,115.0,0.0,0.0,0.0,0.0,115.0,0.0,0.0,0.0,115.0,0.0,0.0,0.0,115.0,0.0,0.0,0.0,115.0,0.0,0.0,0.0,115.0,0.0,0.0,0.0,115.0,0.0,0.0,115.0,0.0,0.0,0.0,115.0,0.0,0.0,115.0,0.0,0.0,0.0,115.0,0.0,0.0,115.0,0.0,0.0,0.0,115.0,0.0,0.0,115.0,0.0,0.0,0.0,115.0,0.0,0.0,115.0,0.0,0.0,0.0,115.0,0.0,0.0,115.0,0.0,0.0,115.0,0.0,115.0,0.0,0.0,115.0,115.0,0.0,0.0,0.0,115.0,0.0,0.0,0.0,115.0,0.0,0.0,0.0,0.0,0.0
M278,0.0,0.0,0.0,0.0,0.0,0.0,0.0,0.0,0.0,0.0,0.0,0.0,0.0,0.0,0.0,0.0,0.0,0.0,0.0,0.0,0.0,0.0,0.0,0.0,0.0,0.0,0.0,0.0,0.0,0.0,0.0,0.0,0.0,0.0,0.0,0.0,0.0,0.0,0.0,0.0,0.0,0.0,0.0,0.0,215.0,0.0,0.0,215.0,0.0,0.0,0.0,215.0,0.0,0.0,215.0,0.0,0.0,0.0,215.0,0.0,0.0,215.0,0.0,0.0,0.0,215.0,0.0,0.0,215.0,0.0,0.0,0.0,215.0,0.0,0.0,0.0,215.0,0.0,215.0,0.0,0.0,0.0,0.0,0.0,0.0,0.0,0.0,0.0,215.0,0.0,0.0,0.0,215.0,0.0,0.0,0.0,215.0,0.0,0.0,215.0
M279,0.0,0.0,0.0,0.0,0.0,115.0,0.0,0.0,0.0,115.0,0.0,0.0,0.0,115.0,0.0,0.0,0.0,0.0,115.0,0.0,0.0,0.0,115.0,0.0,0.0,0.0,115.0,0.0,0.0,0.0,115.0,0.0,0.0,0.0,115.0,0.0,0.0,0.0,115.0,0.0,115.0,0.0,0.0,0.0,115.0,0.0,0.0,115.0,0.0,0.0,0.0,115.0,0.0,0.0,115.0,0.0,0.0,0.0,115.0,0.0,0.0,115.0,0.0,0.0,0.0,115.0,0.0,0.0,115.0,0.0,0.0,0.0,115.0,0.0,0.0,0.0,115.0,0.0,115.0,0.0,0.0,115.0,0.0,0.0,115.0,0.0,0.0,0.0,115.0,0.0,0.0,0.0,115.0,0.0,0.0,0.0,115.0,0.0,0.0,115.0
M280,0.0,0.0,65.0,0.0,0.0,0.0,65.0,0.0,0.0,0.0,65.0,0.0,0.0,0.0,65.0,0.0,0.0,0.0,0.0,65.0,0.0,0.0,0.0,65.0,0.0,0.0,0.0,65.0,0.0,0.0,0.0,65.0,0.0,0.0,0.0,65.0,0.0,0.0,0.0,65.0,0.0,0.0,65.0,0.0,0.0,0.0,65.0,0.0,0.0,65.0,0.0,0.0,0.0,65.0,0.0,0.0,65.0,0.0,0.0,0.0,65.0,0.0,0.0,65.0,0.0,0.0,0.0,65.0,0.0,0.0,65.0,0.0,0.0,0.0,65.0,0.0,0.0,65.0,0.0,0.0,65.0,0.0,65.0,0.0,0.0,65.0,65.0,0.0,0.0,0.0,0.0,0.0,0.0,0.0,0.0,0.0,0.0,0.0,0.0,0.0
M281,0.0,0.0,0.0,0.0,0.0,65.0,0.0,0.0,0.0,65.0,0.0,0.0,0.0,65.0,0.0,0.0,0.0,0.0,65.0,0.0,0.0,0.0,65.0,0.0,0.0,0.0,65.0,0.0,0.0,0.0,65.0,0.0,0.0,0.0,65.0,0.0,0.0,0.0,65.0,0.0,0.0,65.0,0.0,0.0,0.0,65.0,0.0,0.0,65.0,0.0,0.0,0.0,65.0,0.0,0.0,65.0,0.0,0.0,0.0,65.0,0.0,0.0,65.0,0.0,0.0,0.0,65.0,0.0,0.0,65.0,0.0,0.0,0.0,65.0,0.0,0.0,0.0,65.0,0.0,65.0,0.0,0.0,0.0,65.0,0.0,65.0,65.0,0.0,0.0,65.0,0.0,0.0,0.0,65.0,0.0,0.0,0.0,65.0,65.0,0.0
M282,0.0,0.0,0.0,0.0,65.0,0.0,0.0,0.0,65.0,0.0,0.0,0.0,65.0,0.0,0.0,0.0,65.0,0.0,0.0,0.0,0.0,0.0,0.0,0.0,0.0,65.0,0.0,0.0,0.0,65.0,0.0,0.0,0.0,0.0,0.0,0.0,0.0,0.0,0.0,0.0,0.0,0.0,0.0,0.0,0.0,0.0,0.0,0.0,0.0,0.0,0.0,0.0,0.0,0.0,0.0,0.0,0.0,0.0,0.0,0.0,0.0,0.0,0.0,0.0,0.0,0.0,0.0,0.0,0.0,0.0,0.0,0.0,0.0,0.0,0.0,0.0,0.0,0.0,0.0,0.0,0.0,0.0,0.0,0.0,0.0,0.0,0.0,0.0,0.0,0.0,0.0,0.0,0.0,0.0,0.0,0.0,0.0,0.0,0.0,0.0
M283,0.0,0.0,0.0,0.0,0.0,0.0,0.0,0.0,65.0,0.0,0.0,0.0,65.0,0.0,0.0,0.0,65.0,0.0,0.0,0.0,0.0,65.0,0.0,0.0,0.0,65.0,0.0,0.0,0.0,65.0,0.0,0.0,0.0,65.0,0.0,0.0,0.0,65.0,0.0,0.0,65.0,0.0,0.0,0.0,65.0,0.0,0.0,65.0,0.0,0.0,0.0,65.0,0.0,0.0,65.0,0.0,0.0,0.0,65.0,0.0,0.0,65.0,0.0,0.0,0.0,0.0,0.0,0.0,0.0,0.0,0.0,0.0,0.0,0.0,0.0,0.0,0.0,0.0,0.0,0.0,0.0,0.0,0.0,0.0,0.0,0.0,0.0,0.0,0.0,0.0,0.0,0.0,0.0,0.0,0.0,0.0,0.0,0.0,0.0,0.0
M284,0.0,0.0,0.0,0.0,0.0,115.0,0.0,0.0,0.0,0.0,0.0,0.0,0.0,115.0,0.0,0.0,0.0,0.0,115.0,0.0,0.0,0.0,0.0,0.0,0.0,0.0,0.0,0.0,0.0,0.0,0.0,0.0,0.0,0.0,0.0,0.0,0.0,0.0,115.0,0.0,0.0,0.0,0.0,0.0,0.0,115.0,0.0,0.0,0.0,0.0,0.0,0.0,0.0,0.0,0.0,115.0,0.0,0.0,0.0,0.0,0.0,0.0,0.0,0.0,0.0,0.0,0.0,0.0,0.0,0.0,0.0,0.0,0.0,0.0,0.0,0.0,0.0,0.0,0.0,0.0,0.0,0.0,0.0,0.0,0.0,0.0,0.0,0.0,0.0,0.0,0.0,0.0,0.0,0.0,0.0,0.0,0.0,0.0,0.0,0.0
M285,0.0,0.0,0.0,0.0,0.0,0.0,0.0,0.0,0.0,0.0,0.0,0.0,0.0,0.0,65.0,0.0,0.0,0.0,0.0,0.0,0.0,0.0,0.0,0.0,0.0,0.0,0.0,0.0,0.0,0.0,0.0,0.0,0.0,0.0,0.0,0.0,0.0,0.0,0.0,65.0,0.0,0.0,65.0,0.0,0.0,0.0,0.0,0.0,0.0,0.0,0.0,0.0,0.0,65.0,0.0,0.0,65.0,0.0,0.0,0.0,65.0,0.0,0.0,0.0,0.0,0.0,0.0,65.0,0.0,0.0,0.0,0.0,0.0,0.0,0.0,0.0,0.0,0.0,0.0,0.0,0.0,0.0,0.0,0.0,0.0,0.0,0.0,0.0,0.0,0.0,0.0,0.0,0.0,0.0,0.0,0.0,0.0,0.0,0.0,0.0
M286,0.0,0.0,0.0,0.0,315.0,0.0,0.0,0.0,315.0,0.0,0.0,0.0,315.0,0.0,0.0,0.0,315.0,0.0,0.0,0.0,0.0,315.0,0.0,0.0,0.0,315.0,0.0,0.0,0.0,315.0,0.0,0.0,0.0,315.0,0.0,0.0,0.0,315.0,0.0,0.0,0.0,0.0,0.0,0.0,315.0,0.0,0.0,315.0,0.0,0.0,0.0,315.0,0.0,0.0,315.0,0.0,0.0,0.0,315.0,0.0,0.0,315.0,0.0,0.0,0.0,315.0,0.0,0.0,315.0,0.0,0.0,0.0,315.0,0.0,0.0,0.0,315.0,0.0,315.0,0.0,0.0,315.0,0.0,0.0,315.0,0.0,0.0,0.0,315.0,0.0,0.0,0.0,315.0,0.0,0.0,0.0,315.0,0.0,0.0,315.0
M287,0.0,0.0,0.0,0.0,0.0,65.0,0.0,0.0,0.0,65.0,0.0,0.0,0.0,65.0,0.0,0.0,0.0,0.0,65.0,0.0,0.0,0.0,65.0,0.0,0.0,0.0,65.0,0.0,0.0,0.0,65.0,0.0,0.0,0.0,65.0,0.0,0.0,0.0,65.0,0.0,0.0,65.0,0.0,0.0,0.0,65.0,0.0,0.0,65.0,0.0,0.0,0.0,65.0,0.0,0.0,65.0,0.0,0.0,0.0,65.0,0.0,0.0,65.0,0.0,0.0,0.0,65.0,0.0,0.0,65.0,0.0,0.0,0.0,65.0,0.0,0.0,0.0,65.0,0.0,65.0,0.0,0.0,0.0,0.0,0.0,65.0,65.0,0.0,0.0,65.0,0.0,0.0,0.0,65.0,0.0,0.0,0.0,0.0,0.0,0.0
M288,0.0,0.0,0.0,0.0,0.0,0.0,215.0,0.0,0.0,0.0,215.0,0.0,0.0,0.0,0.0,0.0,0.0,0.0,0.0,0.0,0.0,0.0,0.0,215.0,0.0,0.0,0.0,215.0,0.0,0.0,0.0,0.0,0.0,0.0,0.0,215.0,0.0,0.0,0.0,0.0,0.0,0.0,215.0,0.0,0.0,0.0,0.0,0.0,0.0,215.0,0.0,0.0,0.0,0.0,0.0,0.0,215.0,0.0,0.0,0.0,215.0,0.0,0.0,215.0,0.0,0.0,0.0,0.0,0.0,0.0,215.0,0.0,0.0,0.0,215.0,0.0,0.0,215.0,0.0,0.0,0.0,0.0,215.0,0.0,0.0,215.0,215.0,0.0,0.0,0.0,0.0,0.0,0.0,0.0,215.0,0.0,0.0,0.0,0.0,0.0
M292,0.0,0.0,0.0,0.0,0.0,0.0,0.0,0.0,0.0,0.0,0.0,0.0,115.0,0.0,0.0,0.0,0.0,0.0,0.0,0.0,0.0,0.0,0.0,0.0,0.0,0.0,0.0,0.0,0.0,0.0,0.0,115.0,0.0,0.0,0.0,0.0,0.0,0.0,0.0,115.0,0.0,0.0,115.0,0.0,0.0,0.0,115.0,0.0,0.0,115.0,0.0,0.0,0.0,115.0,0.0,0.0,0.0,0.0,0.0,0.0,0.0,0.0,0.0,115.0,0.0,0.0,0.0,0.0,0.0,0.0,0.0,0.0,0.0,0.0,0.0,0.0,0.0,0.0,0.0,0.0,0.0,0.0,0.0,0.0,0.0,0.0,115.0,0.0,0.0,0.0,115.0,0.0,0.0,0.0,115.0,0.0,0.0,0.0,0.0,0.0
M293,0.0,0.0,0.0,0.0,0.0,0.0,0.0,0.0,0.0,0.0,0.0,0.0,0.0,0.0,0.0,0.0,0.0,0.0,0.0,0.0,0.0,0.0,0.0,0.0,0.0,0.0,0.0,65.0,0.0,0.0,0.0,0.0,0.0,0.0,0.0,0.0,0.0,0.0,0.0,0.0,0.0,0.0,0.0,0.0,0.0,0.0,65.0,0.0,0.0,0.0,0.0,0.0,0.0,0.0,0.0,0.0,0.0,0.0,0.0,0.0,65.0,0.0,0.0,65.0,0.0,0.0,0.0,0.0,0.0,0.0,0.0,0.0,0.0,0.0,0.0,0.0,0.0,65.0,0.0,0.0,0.0,0.0,0.0,0.0,0.0,65.0,0.0,0.0,0.0,0.0,0.0,0.0,0.0,0.0,0.0,0.0,0.0,0.0,0.0,0.0
M294,0.0,0.0,0.0,0.0,0.0,0.0,0.0,0.0,0.0,0.0,0.0,0.0,0.0,0.0,0.0,0.0,0.0,0.0,0.0,0.0,0.0,115.0,0.0,0.0,0.0,115.0,0.0,0.0,0.0,115.0,0.0,0.0,0.0,115.0,0.0,0.0,0.0,115.0,0.0,0.0,115.0,0.0,0.0,0.0,115.0,0.0,0.0,115.0,0.0,0.0,0.0,115.0,0.0,0.0,115.0,0.0,0.0,0.0,115.0,0.0,0.0,115.0,0.0,0.0,0.0,115.0,0.0,0.0,115.0,0.0,0.0,0.0,115.0,0.0,0.0,0.0,115.0,0.0,115.0,0.0,0.0,115.0,0.0,0.0,115.0,0.0,0.0,0.0,115.0,0.0,0.0,0.0,0.0,0.0,0.0,0.0,0.0,0.0,0.0,0.0
M295,0.0,0.0,0.0,0.0,0.0,0.0,0.0,0.0,0.0,0.0,0.0,0.0,0.0,0.0,0.0,0.0,0.0,0.0,0.0,0.0,0.0,0.0,0.0,0.0,0.0,0.0,0.0,0.0,0.0,0.0,0.0,0.0,0.0,0.0,0.0,0.0,0.0,0.0,0.0,0.0,0.0,0.0,0.0,0.0,0.0,0.0,0.0,0.0,0.0,0.0,0.0,0.0,0.0,0.0,0.0,0.0,0.0,0.0,0.0,0.0,0.0,215.0,0.0,0.0,0.0,215.0,0.0,0.0,215.0,0.0,0.0,0.0,215.0,0.0,0.0,0.0,215.0,0.0,215.0,0.0,0.0,215.0,0.0,0.0,215.0,0.0,0.0,0.0,215.0,0.0,0.0,0.0,215.0,0.0,0.0,0.0,215.0,0.0,0.0,215.0
M297,0.0,0.0,0.0,0.0,0.0,0.0,0.0,0.0,0.0,0.0,0.0,0.0,1115.0,0.0,0.0,0.0,0.0,0.0,0.0,0.0,0.0,0.0,0.0,0.0,0.0,0.0,0.0,0.0,0.0,0.0,0.0,0.0,0.0,0.0,0.0,0.0,0.0,0.0,0.0,0.0,0.0,0.0,0.0,0.0,0.0,0.0,0.0,0.0,0.0,0.0,0.0,0.0,0.0,0.0,0.0,0.0,0.0,0.0,0.0,0.0,0.0,0.0,0.0,0.0,0.0,0.0,0.0,0.0,0.0,0.0,0.0,0.0,0.0,0.0,0.0,0.0,0.0,0.0,0.0,0.0,0.0,0.0,0.0,0.0,0.0,0.0,0.0,0.0,0.0,0.0,0.0,0.0,0.0,0.0,0.0,0.0,0.0,0.0,0.0,0.0
M298,0.0,0.0,0.0,0.0,0.0,0.0,115.0,0.0,0.0,0.0,115.0,0.0,0.0,0.0,115.0,0.0,0.0,0.0,0.0,115.0,0.0,0.0,0.0,115.0,0.0,0.0,0.0,115.0,0.0,0.0,0.0,115.0,0.0,0.0,0.0,115.0,0.0,0.0,0.0,115.0,0.0,0.0,115.0,0.0,0.0,0.0,115.0,0.0,0.0,115.0,0.0,0.0,0.0,115.0,0.0,0.0,115.0,0.0,0.0,0.0,115.0,0.0,0.0,115.0,0.0,0.0,0.0,115.0,0.0,0.0,115.0,0.0,0.0,0.0,115.0,0.0,0.0,115.0,0.0,0.0,115.0,0.0,115.0,0.0,0.0,115.0,115.0,0.0,0.0,0.0,115.0,0.0,0.0,0.0,115.0,0.0,0.0,0.0,0.0,0.0
M300,0.0,0.0,0.0,0.0,0.0,0.0,0.0,0.0,0.0,0.0,0.0,0.0,265.0,0.0,265.0,0.0,0.0,0.0,0.0,265.0,0.0,0.0,0.0,265.0,0.0,0.0,0.0,265.0,0.0,250.0,0.0,515.0,0.0,0.0,0.0,515.0,0.0,0.0,0.0,515.0,0.0,0.0,515.0,0.0,0.0,0.0,515.0,0.0,0.0,515.0,0.0,0.0,0.0,515.0,0.0,0.0,515.0,0.0,0.0,0.0,515.0,0.0,0.0,515.0,0.0,0.0,0.0,515.0,0.0,0.0,515.0,0.0,0.0,0.0,515.0,0.0,0.0,515.0,0.0,0.0,0.0,0.0,0.0,0.0,0.0,0.0,0.0,0.0,0.0,0.0,0.0,0.0,0.0,0.0,0.0,0.0,0.0,0.0,0.0,0.0
M301,0.0,0.0,0.0,0.0,0.0,0.0,0.0,0.0,0.0,0.0,215.0,0.0,0.0,0.0,215.0,0.0,0.0,0.0,0.0,215.0,0.0,0.0,0.0,215.0,0.0,0.0,0.0,215.0,0.0,0.0,0.0,215.0,0.0,0.0,0.0,215.0,0.0,0.0,0.0,215.0,0.0,0.0,215.0,0.0,0.0,0.0,215.0,0.0,0.0,0.0,0.0,0.0,0.0,215.0,0.0,0.0,215.0,0.0,0.0,0.0,215.0,0.0,0.0,215.0,0.0,0.0,0.0,215.0,0.0,0.0,215.0,0.0,0.0,0.0,215.0,0.0,0.0,215.0,0.0,0.0,215.0,0.0,215.0,0.0,0.0,215.0,0.0,0.0,0.0,0.0,0.0,0.0,0.0,0.0,215.0,0.0,0.0,0.0,0.0,0.0
M302,0.0,0.0,0.0,0.0,0.0,0.0,0.0,0.0,0.0,0.0,215.0,0.0,0.0,0.0,0.0,0.0,0.0,0.0,0.0,0.0,0.0,0.0,0.0,215.0,0.0,0.0,0.0,215.0,0.0,0.0,0.0,215.0,0.0,0.0,0.0,215.0,0.0,0.0,0.0,215.0,0.0,0.0,215.0,0.0,0.0,0.0,215.0,0.0,0.0,0.0,0.0,0.0,0.0,215.0,0.0,0.0,215.0,0.0,0.0,0.0,215.0,0.0,0.0,0.0,0.0,0.0,0.0,215.0,0.0,0.0,215.0,0.0,0.0,0.0,215.0,0.0,0.0,215.0,0.0,0.0,215.0,0.0,215.0,0.0,0.0,215.0,0.0,0.0,0.0,0.0,215.0,0.0,0.0,0.0,0.0,0.0,0.0,0.0,0.0,0.0
M303,0.0,0.0,0.0,0.0,0.0,0.0,0.0,0.0,0.0,165.0,0.0,0.0,0.0,165.0,0.0,0.0,0.0,0.0,165.0,0.0,0.0,0.0,165.0,0.0,0.0,0.0,0.0,165.0,0.0,0.0,0.0,165.0,0.0,0.0,0.0,165.0,0.0,0.0,0.0,165.0,0.0,0.0,165.0,0.0,0.0,0.0,165.0,0.0,0.0,165.0,0.0,0.0,0.0,165.0,0.0,0.0,165.0,0.0,0.0,0.0,165.0,0.0,0.0,165.0,0.0,0.0,0.0,165.0,0.0,0.0,165.0,0.0,0.0,0.0,165.0,0.0,0.0,165.0,0.0,0.0,165.0,0.0,165.0,0.0,0.0,165.0,165.0,0.0,0.0,0.0,165.0,0.0,0.0,0.0,165.0,0.0,0.0,0.0,0.0,0.0
M308,0.0,0.0,0.0,0.0,0.0,0.0,0.0,0.0,0.0,0.0,315.0,0.0,0.0,0.0,0.0,0.0,0.0,0.0,0.0,0.0,0.0,0.0,0.0,0.0,0.0,0.0,0.0,0.0,0.0,0.0,0.0,0.0,0.0,0.0,0.0,315.0,0.0,0.0,0.0,0.0,0.0,0.0,0.0,0.0,0.0,0.0,0.0,0.0,0.0,0.0,0.0,0.0,0.0,0.0,0.0,0.0,0.0,0.0,0.0,0.0,0.0,0.0,0.0,0.0,0.0,0.0,0.0,0.0,0.0,0.0,0.0,0.0,0.0,0.0,0.0,0.0,0.0,0.0,0.0,0.0,0.0,0.0,0.0,0.0,0.0,0.0,0.0,0.0,0.0,0.0,0.0,0.0,0.0,0.0,0.0,0.0,0.0,0.0,0.0,0.0
M310,0.0,0.0,0.0,0.0,0.0,0.0,0.0,0.0,0.0,65.0,0.0,0.0,0.0,65.0,0.0,0.0,0.0,0.0,65.0,0.0,0.0,0.0,65.0,0.0,0.0,0.0,65.0,0.0,0.0,0.0,65.0,0.0,0.0,0.0,65.0,0.0,0.0,0.0,65.0,0.0,0.0,65.0,0.0,0.0,0.0,65.0,0.0,0.0,65.0,0.0,0.0,0.0,65.0,0.0,0.0,65.0,0.0,0.0,0.0,65.0,0.0,0.0,65.0,0.0,0.0,0.0,65.0,0.0,0.0,65.0,0.0,0.0,0.0,65.0,0.0,0.0,0.0,65.0,0.0,65.0,0.0,0.0,0.0,65.0,0.0,0.0,0.0,0.0,0.0,0.0,0.0,0.0,0.0,0.0,0.0,0.0,0.0,0.0,0.0,0.0
M311,0.0,0.0,0.0,0.0,0.0,0.0,0.0,0.0,0.0,0.0,0.0,0.0,0.0,115.0,0.0,0.0,0.0,0.0,115.0,0.0,0.0,0.0,115.0,0.0,0.0,0.0,0.0,0.0,0.0,0.0,115.0,0.0,0.0,0.0,0.0,0.0,0.0,0.0,0.0,0.0,0.0,115.0,0.0,0.0,0.0,0.0,0.0,0.0,0.0,0.0,0.0,0.0,0.0,0.0,0.0,0.0,0.0,0.0,0.0,0.0,0.0,0.0,0.0,0.0,0.0,0.0,0.0,0.0,0.0,0.0,0.0,0.0,0.0,0.0,0.0,0.0,0.0,115.0,0.0,115.0,0.0,0.0,0.0,115.0,0.0,115.0,0.0,0.0,0.0,0.0,0.0,0.0,0.0,0.0,0.0,0.0,0.0,0.0,0.0,0.0
M312,0.0,0.0,0.0,0.0,0.0,0.0,0.0,0.0,0.0,0.0,0.0,0.0,0.0,315.0,0.0,0.0,0.0,0.0,315.0,0.0,0.0,0.0,315.0,0.0,0.0,0.0,315.0,0.0,0.0,0.0,315.0,0.0,0.0,0.0,315.0,0.0,0.0,0.0,315.0,0.0,0.0,315.0,0.0,0.0,0.0,315.0,0.0,0.0,315.0,0.0,0.0,0.0,315.0,0.0,0.0,315.0,0.0,0.0,0.0,315.0,0.0,0.0,315.0,0.0,0.0,0.0,315.0,0.0,0.0,315.0,0.0,0.0,0.0,315.0,0.0,0.0,0.0,315.0,0.0,315.0,0.0,0.0,0.0,315.0,0.0,315.0,315.0,0.0,0.0,315.0,0.0,0.0,0.0,315.0,0.0,0.0,0.0,315.0,315.0,0.0
M313,0.0,0.0,0.0,0.0,0.0,0.0,0.0,0.0,0.0,0.0,0.0,0.0,0.0,0.0,0.0,0.0,65.0,0.0,0.0,0.0,0.0,65.0,0.0,0.0,0.0,65.0,0.0,0.0,0.0,65.0,0.0,0.0,0.0,65.0,0.0,0.0,0.0,65.0,0.0,0.0,0.0,0.0,0.0,0.0,65.0,0.0,0.0,65.0,0.0,0.0,0.0,0.0,0.0,0.0,65.0,0.0,0.0,0.0,65.0,0.0,0.0,0.0,0.0,0.0,0.0,65.0,0.0,0.0,0.0,0.0,0.0,0.0,65.0,0.0,0.0,0.0,65.0,0.0,65.0,0.0,0.0,65.0,0.0,0.0,65.0,0.0,0.0,0.0,65.0,0.0,0.0,0.0,65.0,0.0,0.0,0.0,65.0,0.0,0.0,65.0
M315,0.0,0.0,0.0,0.0,0.0,0.0,0.0,0.0,0.0,0.0,0.0,0.0,0.0,0.0,0.0,0.0,115.0,0.0,0.0,0.0,0.0,115.0,0.0,0.0,0.0,115.0,0.0,0.0,0.0,115.0,0.0,0.0,0.0,115.0,0.0,0.0,0.0,115.0,0.0,0.0,0.0,0.0,0.0,0.0,115.0,0.0,0.0,115.0,0.0,0.0,0.0,115.0,0.0,0.0,115.0,0.0,0.0,0.0,115.0,0.0,0.0,115.0,0.0,0.0,0.0,115.0,0.0,0.0,0.0,0.0,0.0,0.0,115.0,0.0,0.0,0.0,115.0,0.0,115.0,0.0,0.0,0.0,0.0,0.0,0.0,0.0,0.0,0.0,0.0,0.0,0.0,0.0,115.0,0.0,0.0,0.0,115.0,0.0,0.0,115.0
M316,0.0,0.0,0.0,0.0,0.0,0.0,0.0,0.0,0.0,0.0,0.0,0.0,0.0,0.0,0.0,0.0,0.0,0.0,0.0,0.0,115.0,0.0,0.0,0.0,115.0,0.0,0.0,0.0,115.0,0.0,0.0,0.0,115.0,0.0,0.0,0.0,115.0,0.0,0.0,0.0,115.0,0.0,0.0,0.0,0.0,0.0,0.0,115.0,0.0,0.0,0.0,0.0,0.0,0.0,0.0,0.0,0.0,0.0,0.0,0.0,0.0,0.0,0.0,0.0,0.0,0.0,0.0,0.0,0.0,0.0,0.0,0.0,0.0,0.0,0.0,0.0,0.0,0.0,0.0,0.0,0.0,0.0,0.0,0.0,0.0,0.0,0.0,0.0,0.0,0.0,0.0,0.0,0.0,0.0,0.0,0.0,0.0,0.0,0.0,0.0
M317,0.0,0.0,0.0,0.0,0.0,0.0,0.0,0.0,0.0,0.0,0.0,0.0,0.0,0.0,0.0,0.0,0.0,0.0,0.0,0.0,0.0,0.0,0.0,0.0,0.0,0.0,0.0,0.0,0.0,0.0,0.0,0.0,0.0,0.0,0.0,0.0,0.0,0.0,115.0,0.0,0.0,115.0,0.0,0.0,0.0,115.0,0.0,0.0,115.0,0.0,0.0,0.0,0.0,0.0,0.0,0.0,0.0,0.0,0.0,0.0,0.0,0.0,115.0,0.0,0.0,0.0,115.0,0.0,0.0,0.0,0.0,0.0,0.0,0.0,0.0,0.0,0.0,115.0,0.0,115.0,0.0,0.0,0.0,115.0,0.0,115.0,115.0,0.0,0.0,115.0,0.0,0.0,0.0,0.0,0.0,0.0,0.0,115.0,115.0,0.0
M318,0.0,0.0,0.0,0.0,0.0,0.0,0.0,0.0,0.0,0.0,0.0,0.0,0.0,0.0,0.0,0.0,0.0,0.0,0.0,0.0,0.0,0.0,0.0,0.0,0.0,0.0,0.0,0.0,0.0,115.0,0.0,0.0,0.0,115.0,0.0,0.0,0.0,115.0,0.0,0.0,115.0,0.0,0.0,0.0,115.0,0.0,0.0,115.0,0.0,0.0,0.0,115.0,0.0,0.0,115.0,0.0,0.0,0.0,115.0,0.0,0.0,115.0,0.0,0.0,0.0,115.0,0.0,0.0,115.0,0.0,0.0,0.0,115.0,0.0,0.0,0.0,115.0,0.0,115.0,0.0,0.0,115.0,0.0,0.0,115.0,0.0,0.0,0.0,115.0,0.0,0.0,0.0,115.0,0.0,0.0,0.0,115.0,0.0,0.0,115.0
M319,0.0,0.0,0.0,0.0,0.0,0.0,0.0,0.0,0.0,0.0,0.0,0.0,0.0,0.0,0.0,0.0,0.0,0.0,0.0,0.0,0.0,0.0,0.0,0.0,0.0,0.0,0.0,0.0,0.0,115.0,0.0,0.0,0.0,115.0,0.0,0.0,0.0,115.0,0.0,0.0,115.0,0.0,0.0,0.0,115.0,0.0,0.0,65.0,0.0,0.0,0.0,65.0,0.0,0.0,65.0,0.0,0.0,0.0,65.0,0.0,0.0,65.0,0.0,0.0,0.0,65.0,0.0,0.0,65.0,0.0,0.0,0.0,65.0,0.0,0.0,0.0,0.0,0.0,0.0,0.0,0.0,0.0,0.0,0.0,0.0,0.0,0.0,0.0,0.0,0.0,0.0,0.0,0.0,0.0,0.0,0.0,0.0,0.0,0.0,0.0
M320,0.0,0.0,0.0,0.0,0.0,0.0,0.0,0.0,0.0,0.0,0.0,0.0,0.0,0.0,0.0,0.0,0.0,0.0,0.0,0.0,0.0,0.0,0.0,0.0,0.0,0.0,0.0,165.0,0.0,0.0,0.0,0.0,0.0,0.0,165.0,0.0,0.0,0.0,165.0,0.0,0.0,165.0,0.0,0.0,0.0,165.0,0.0,0.0,165.0,0.0,0.0,0.0,165.0,0.0,0.0,165.0,0.0,0.0,0.0,165.0,0.0,0.0,165.0,0.0,0.0,0.0,165.0,0.0,0.0,165.0,0.0,0.0,0.0,165.0,0.0,0.0,0.0,165.0,0.0,165.0,0.0,0.0,0.0,165.0,0.0,165.0,165.0,0.0,0.0,0.0,0.0,0.0,0.0,0.0,0.0,0.0,0.0,0.0,0.0,0.0
M321,0.0,0.0,0.0,0.0,0.0,0.0,0.0,0.0,0.0,0.0,0.0,0.0,0.0,0.0,0.0,0.0,0.0,0.0,0.0,0.0,0.0,0.0,0.0,0.0,0.0,0.0,0.0,0.0,0.0,115.0,0.0,0.0,0.0,115.0,0.0,0.0,0.0,115.0,0.0,0.0,0.0,0.0,0.0,0.0,0.0,0.0,0.0,0.0,0.0,0.0,0.0,115.0,0.0,0.0,115.0,0.0,0.0,0.0,0.0,0.0,0.0,0.0,0.0,0.0,0.0,115.0,0.0,0.0,0.0,0.0,0.0,0.0,0.0,0.0,0.0,0.0,0.0,0.0,0.0,0.0,0.0,0.0,0.0,0.0,0.0,0.0,0.0,0.0,0.0,0.0,0.0,0.0,0.0,0.0,0.0,0.0,0.0,0.0,0.0,0.0
M322,0.0,0.0,0.0,0.0,0.0,0.0,0.0,0.0,0.0,0.0,0.0,0.0,0.0,0.0,0.0,0.0,0.0,0.0,0.0,0.0,0.0,0.0,0.0,0.0,0.0,0.0,0.0,0.0,115.0,0.0,0.0,0.0,115.0,0.0,0.0,0.0,0.0,0.0,0.0,0.0,115.0,0.0,0.0,115.0,0.0,0.0,0.0,115.0,0.0,0.0,0.0,0.0,0.0,0.0,115.0,0.0,0.0,115.0,0.0,0.0,0.0,0.0,0.0,0.0,115.0,0.0,0.0,0.0,0.0,0.0,0.0,0.0,0.0,0.0,0.0,115.0,0.0,0.0,115.0,0.0,115.0,0.0,0.0,0.0,0.0,0.0,0.0,0.0,0.0,0.0,0.0,0.0,0.0,0.0,0.0,0.0,0.0,0.0,0.0,0.0
M323,0.0,0.0,0.0,0.0,0.0,0.0,0.0,0.0,0.0,0.0,0.0,0.0,0.0,0.0,0.0,0.0,0.0,0.0,0.0,0.0,0.0,0.0,0.0,0.0,0.0,0.0,0.0,0.0,0.0,115.0,0.0,0.0,0.0,0.0,0.0,0.0,0.0,0.0,0.0,0.0,0.0,0.0,0.0,0.0,115.0,0.0,0.0,0.0,0.0,0.0,0.0,115.0,0.0,0.0,115.0,0.0,0.0,0.0,0.0,0.0,0.0,0.0,0.0,0.0,0.0,115.0,0.0,0.0,115.0,0.0,0.0,0.0,115.0,0.0,0.0,0.0,0.0,0.0,0.0,0.0,0.0,0.0,0.0,0.0,0.0,0.0,0.0,0.0,115.0,0.0,0.0,0.0,115.0,0.0,0.0,0.0,0.0,0.0,0.0,0.0
M324,0.0,0.0,0.0,0.0,0.0,0.0,0.0,0.0,0.0,0.0,0.0,0.0,0.0,0.0,0.0,0.0,0.0,0.0,0.0,0.0,0.0,0.0,0.0,0.0,0.0,0.0,0.0,0.0,0.0,0.0,0.0,0.0,0.0,0.0,0.0,0.0,0.0,0.0,0.0,0.0,0.0,0.0,0.0,0.0,0.0,0.0,0.0,0.0,0.0,0.0,0.0,0.0,0.0,0.0,115.0,0.0,0.0,0.0,0.0,0.0,0.0,0.0,0.0,0.0,0.0,0.0,0.0,0.0,0.0,0.0,0.0,0.0,0.0,0.0,0.0,0.0,0.0,0.0,0.0,0.0,0.0,0.0,0.0,0.0,115.0,0.0,0.0,0.0,0.0,0.0,0.0,0.0,115.0,0.0,0.0,0.0,115.0,0.0,0.0,115.0
M325,0.0,0.0,0.0,0.0,0.0,0.0,0.0,0.0,0.0,0.0,0.0,0.0,0.0,0.0,0.0,0.0,0.0,0.0,0.0,0.0,0.0,0.0,0.0,0.0,0.0,0.0,0.0,0.0,65.0,0.0,0.0,0.0,65.0,0.0,0.0,0.0,65.0,0.0,0.0,0.0,65.0,0.0,0.0,65.0,0.0,0.0,0.0,65.0,0.0,0.0,65.0,0.0,0.0,0.0,65.0,0.0,0.0,65.0,0.0,0.0,0.0,65.0,0.0,0.0,65.0,0.0,0.0,0.0,65.0,0.0,0.0,65.0,0.0,0.0,0.0,65.0,0.0,0.0,65.0,0.0,65.0,0.0,0.0,0.0,65.0,0.0,0.0,65.0,0.0,0.0,0.0,65.0,0.0,0.0,0.0,65.0,0.0,0.0,0.0,0.0
M326,0.0,0.0,0.0,0.0,0.0,0.0,0.0,0.0,0.0,0.0,0.0,0.0,0.0,0.0,0.0,0.0,0.0,0.0,0.0,0.0,0.0,0.0,0.0,0.0,0.0,0.0,0.0,0.0,0.0,0.0,0.0,0.0,0.0,0.0,0.0,0.0,0.0,0.0,0.0,0.0,0.0,0.0,0.0,0.0,0.0,0.0,0.0,0.0,0.0,0.0,0.0,65.0,0.0,0.0,65.0,0.0,0.0,0.0,0.0,0.0,0.0,0.0,0.0,0.0,0.0,0.0,0.0,0.0,0.0,0.0,0.0,0.0,0.0,0.0,0.0,0.0,0.0,0.0,0.0,0.0,0.0,0.0,0.0,0.0,0.0,0.0,0.0,0.0,65.0,0.0,0.0,0.0,0.0,0.0,0.0,0.0,0.0,0.0,0.0,65.0
M329,0.0,0.0,0.0,0.0,0.0,0.0,0.0,0.0,0.0,0.0,0.0,0.0,0.0,0.0,0.0,0.0,0.0,0.0,0.0,0.0,0.0,0.0,0.0,0.0,0.0,0.0,0.0,0.0,0.0,0.0,0.0,0.0,0.0,65.0,0.0,0.0,0.0,65.0,0.0,0.0,0.0,0.0,0.0,0.0,65.0,0.0,0.0,65.0,0.0,0.0,0.0,65.0,0.0,0.0,65.0,0.0,0.0,0.0,65.0,0.0,0.0,65.0,0.0,0.0,0.0,65.0,0.0,0.0,65.0,0.0,0.0,0.0,65.0,0.0,0.0,0.0,65.0,0.0,65.0,0.0,0.0,65.0,0.0,0.0,65.0,0.0,0.0,0.0,65.0,0.0,0.0,0.0,65.0,0.0,0.0,0.0,0.0,0.0,0.0,0.0
M330,0.0,0.0,0.0,0.0,0.0,0.0,0.0,0.0,0.0,0.0,0.0,0.0,0.0,0.0,0.0,0.0,0.0,0.0,0.0,0.0,0.0,0.0,0.0,0.0,0.0,0.0,0.0,0.0,0.0,0.0,0.0,0.0,0.0,0.0,115.0,0.0,0.0,0.0,115.0,0.0,0.0,115.0,0.0,0.0,0.0,0.0,0.0,0.0,115.0,0.0,0.0,0.0,115.0,0.0,0.0,115.0,0.0,0.0,0.0,0.0,0.0,0.0,0.0,0.0,0.0,0.0,0.0,0.0,0.0,0.0,0.0,0.0,0.0,0.0,0.0,0.0,0.0,0.0,0.0,0.0,0.0,0.0,0.0,0.0,0.0,0.0,0.0,0.0,0.0,0.0,0.0,0.0,0.0,0.0,0.0,0.0,0.0,0.0,0.0,0.0
M331,0.0,0.0,0.0,0.0,0.0,0.0,0.0,0.0,0.0,0.0,0.0,0.0,0.0,0.0,0.0,0.0,0.0,0.0,0.0,0.0,0.0,0.0,0.0,0.0,0.0,0.0,0.0,0.0,0.0,0.0,0.0,65.0,0.0,0.0,0.0,65.0,0.0,0.0,0.0,65.0,0.0,0.0,65.0,0.0,0.0,0.0,65.0,0.0,0.0,65.0,0.0,0.0,0.0,65.0,0.0,0.0,65.0,0.0,0.0,0.0,65.0,0.0,0.0,65.0,0.0,0.0,0.0,65.0,0.0,0.0,65.0,0.0,0.0,0.0,65.0,0.0,0.0,65.0,0.0,0.0,65.0,0.0,65.0,0.0,0.0,65.0,65.0,0.0,0.0,0.0,65.0,0.0,0.0,0.0,65.0,0.0,0.0,0.0,0.0,0.0
M333,0.0,0.0,0.0,0.0,0.0,0.0,0.0,0.0,0.0,0.0,0.0,0.0,0.0,0.0,0.0,0.0,0.0,0.0,0.0,0.0,0.0,0.0,0.0,0.0,0.0,0.0,0.0,0.0,0.0,0.0,0.0,0.0,0.0,0.0,0.0,315.0,0.0,0.0,0.0,315.0,0.0,0.0,315.0,0.0,0.0,0.0,315.0,0.0,0.0,315.0,0.0,0.0,0.0,315.0,0.0,0.0,315.0,0.0,0.0,0.0,315.0,0.0,0.0,315.0,0.0,0.0,0.0,315.0,0.0,0.0,315.0,0.0,0.0,0.0,315.0,0.0,0.0,315.0,0.0,0.0,315.0,0.0,315.0,0.0,0.0,315.0,315.0,0.0,0.0,0.0,315.0,0.0,0.0,0.0,315.0,0.0,0.0,0.0,0.0,0.0
M334,0.0,0.0,0.0,0.0,0.0,0.0,0.0,0.0,0.0,0.0,0.0,0.0,0.0,0.0,0.0,0.0,0.0,0.0,0.0,0.0,0.0,0.0,0.0,0.0,0.0,0.0,0.0,0.0,0.0,0.0,0.0,0.0,0.0,0.0,0.0,0.0,0.0,65.0,0.0,0.0,0.0,0.0,0.0,0.0,65.0,0.0,0.0,65.0,0.0,0.0,0.0,65.0,0.0,0.0,65.0,0.0,0.0,0.0,65.0,0.0,0.0,65.0,0.0,0.0,0.0,65.0,0.0,0.0,65.0,0.0,0.0,0.0,65.0,0.0,0.0,0.0,65.0,0.0,65.0,0.0,0.0,65.0,0.0,0.0,65.0,0.0,0.0,0.0,65.0,0.0,0.0,0.0,65.0,0.0,0.0,0.0,0.0,0.0,0.0,65.0
M335,0.0,0.0,0.0,0.0,0.0,0.0,0.0,0.0,0.0,0.0,0.0,0.0,0.0,0.0,0.0,0.0,0.0,0.0,0.0,0.0,0.0,0.0,0.0,0.0,0.0,0.0,0.0,0.0,0.0,0.0,0.0,0.0,0.0,0.0,0.0,0.0,0.0,115.0,0.0,0.0,0.0,0.0,0.0,0.0,115.0,0.0,0.0,0.0,0.0,0.0,0.0,115.0,0.0,0.0,115.0,0.0,0.0,0.0,115.0,0.0,0.0,115.0,0.0,0.0,0.0,115.0,0.0,0.0,115.0,0.0,0.0,0.0,115.0,0.0,0.0,0.0,115.0,0.0,115.0,0.0,0.0,115.0,0.0,0.0,0.0,0.0,0.0,0.0,0.0,0.0,0.0,0.0,115.0,0.0,0.0,0.0,115.0,0.0,0.0,115.0
M336,0.0,0.0,0.0,0.0,0.0,0.0,0.0,0.0,0.0,0.0,0.0,0.0,0.0,0.0,0.0,0.0,0.0,0.0,0.0,0.0,0.0,0.0,0.0,0.0,0.0,0.0,0.0,0.0,0.0,0.0,0.0,0.0,0.0,0.0,0.0,0.0,0.0,65.0,0.0,0.0,0.0,0.0,0.0,0.0,65.0,0.0,0.0,0.0,0.0,0.0,0.0,0.0,0.0,0.0,65.0,0.0,0.0,0.0,65.0,0.0,0.0,65.0,0.0,0.0,0.0,0.0,0.0,0.0,0.0,0.0,0.0,0.0,0.0,0.0,0.0,0.0,65.0,0.0,0.0,0.0,0.0,0.0,0.0,0.0,65.0,0.0,0.0,0.0,65.0,0.0,0.0,0.0,65.0,0.0,0.0,0.0,65.0,0.0,0.0,65.0
M338,0.0,0.0,0.0,0.0,0.0,0.0,0.0,0.0,0.0,0.0,0.0,0.0,0.0,0.0,0.0,0.0,0.0,0.0,0.0,0.0,0.0,0.0,0.0,0.0,0.0,0.0,0.0,0.0,0.0,0.0,0.0,0.0,0.0,0.0,0.0,0.0,0.0,0.0,0.0,0.0,0.0,0.0,0.0,0.0,165.0,0.0,0.0,165.0,0.0,0.0,0.0,165.0,0.0,0.0,165.0,0.0,0.0,0.0,165.0,0.0,0.0,165.0,0.0,0.0,0.0,165.0,0.0,0.0,165.0,0.0,0.0,0.0,165.0,0.0,0.0,0.0,165.0,0.0,165.0,0.0,0.0,165.0,0.0,0.0,165.0,0.0,0.0,0.0,165.0,0.0,0.0,0.0,165.0,0.0,0.0,0.0,165.0,0.0,0.0,165.0
M339,0.0,0.0,0.0,0.0,0.0,0.0,0.0,0.0,0.0,0.0,0.0,0.0,0.0,0.0,0.0,0.0,0.0,0.0,0.0,0.0,0.0,0.0,0.0,0.0,0.0,0.0,0.0,0.0,0.0,0.0,0.0,0.0,0.0,0.0,0.0,0.0,0.0,0.0,0.0,165.0,0.0,0.0,165.0,0.0,0.0,0.0,0.0,0.0,0.0,165.0,0.0,0.0,0.0,165.0,0.0,0.0,165.0,0.0,0.0,0.0,165.0,0.0,0.0,165.0,0.0,0.0,0.0,165.0,0.0,0.0,0.0,0.0,0.0,0.0,165.0,0.0,0.0,165.0,0.0,0.0,165.0,0.0,0.0,0.0,0.0,165.0,165.0,0.0,0.0,0.0,0.0,0.0,0.0,0.0,0.0,0.0,0.0,0.0,0.0,0.0
M341,0.0,0.0,0.0,0.0,0.0,0.0,0.0,0.0,0.0,0.0,0.0,0.0,0.0,0.0,0.0,0.0,0.0,0.0,0.0,0.0,0.0,0.0,0.0,0.0,0.0,0.0,0.0,0.0,0.0,0.0,0.0,0.0,0.0,0.0,0.0,0.0,0.0,0.0,0.0,0.0,0.0,65.0,0.0,0.0,0.0,65.0,0.0,0.0,65.0,0.0,0.0,0.0,65.0,0.0,0.0,65.0,0.0,0.0,0.0,65.0,0.0,0.0,65.0,0.0,0.0,0.0,65.0,0.0,0.0,65.0,0.0,0.0,0.0,65.0,0.0,0.0,0.0,65.0,0.0,65.0,0.0,0.0,0.0,65.0,0.0,65.0,65.0,0.0,0.0,65.0,0.0,0.0,0.0,65.0,0.0,0.0,0.0,65.0,65.0,0.0
M342,0.0,0.0,0.0,0.0,0.0,0.0,0.0,0.0,0.0,0.0,0.0,0.0,0.0,0.0,0.0,0.0,0.0,0.0,0.0,0.0,0.0,0.0,0.0,0.0,0.0,0.0,0.0,0.0,0.0,0.0,0.0,0.0,0.0,0.0,0.0,0.0,0.0,0.0,0.0,0.0,0.0,0.0,0.0,0.0,0.0,0.0,0.0,0.0,0.0,0.0,0.0,265.0,0.0,0.0,265.0,0.0,0.0,0.0,0.0,0.0,0.0,0.0,0.0,0.0,0.0,0.0,0.0,0.0,0.0,0.0,0.0,0.0,0.0,0.0,0.0,0.0,0.0,0.0,0.0,0.0,0.0,265.0,0.0,0.0,0.0,0.0,0.0,0.0,0.0,0.0,0.0,0.0,0.0,0.0,0.0,0.0,0.0,0.0,0.0,0.0
M343,0.0,0.0,0.0,0.0,0.0,0.0,0.0,0.0,0.0,0.0,0.0,0.0,0.0,0.0,0.0,0.0,0.0,0.0,0.0,0.0,0.0,0.0,0.0,0.0,0.0,0.0,0.0,0.0,0.0,0.0,0.0,0.0,0.0,0.0,0.0,0.0,0.0,0.0,0.0,0.0,0.0,0.0,0.0,0.0,0.0,0.0,0.0,0.0,0.0,0.0,0.0,0.0,0.0,0.0,0.0,0.0,0.0,0.0,0.0,0.0,0.0,0.0,0.0,0.0,0.0,0.0,515.0,0.0,0.0,0.0,0.0,0.0,0.0,0.0,0.0,0.0,0.0,0.0,0.0,0.0,0.0,0.0,0.0,515.0,0.0,515.0,0.0,0.0,0.0,0.0,0.0,0.0,0.0,0.0,0.0,0.0,0.0,0.0,0.0,0.0
M345,0.0,0.0,0.0,0.0,0.0,0.0,0.0,0.0,0.0,0.0,0.0,0.0,0.0,0.0,0.0,0.0,0.0,0.0,0.0,0.0,0.0,0.0,0.0,0.0,0.0,0.0,0.0,0.0,0.0,0.0,0.0,0.0,0.0,0.0,0.0,0.0,0.0,0.0,0.0,0.0,0.0,0.0,0.0,0.0,0.0,0.0,0.0,115.0,0.0,0.0,0.0,115.0,0.0,0.0,0.0,0.0,0.0,0.0,0.0,0.0,0.0,0.0,0.0,0.0,0.0,0.0,0.0,0.0,115.0,0.0,0.0,0.0,0.0,0.0,0.0,0.0,0.0,0.0,0.0,0.0,0.0,0.0,0.0,0.0,0.0,0.0,0.0,0.0,0.0,0.0,0.0,0.0,0.0,0.0,0.0,0.0,0.0,0.0,0.0,0.0
M346,0.0,0.0,0.0,0.0,0.0,0.0,0.0,0.0,0.0,0.0,0.0,0.0,0.0,0.0,0.0,0.0,0.0,0.0,0.0,0.0,0.0,0.0,0.0,0.0,0.0,0.0,0.0,0.0,0.0,0.0,0.0,0.0,0.0,0.0,0.0,0.0,0.0,0.0,0.0,0.0,0.0,0.0,115.0,0.0,115.0,0.0,0.0,115.0,0.0,115.0,0.0,115.0,0.0,0.0,115.0,0.0,0.0,0.0,115.0,0.0,0.0,0.0,0.0,115.0,0.0,0.0,0.0,0.0,0.0,0.0,0.0,0.0,0.0,0.0,0.0,0.0,0.0,0.0,0.0,0.0,0.0,0.0,0.0,0.0,0.0,0.0,115.0,0.0,0.0,0.0,115.0,0.0,0.0,0.0,115.0,0.0,0.0,0.0,0.0,0.0
M347,0.0,0.0,0.0,0.0,0.0,0.0,0.0,0.0,0.0,0.0,0.0,0.0,0.0,0.0,0.0,0.0,0.0,0.0,0.0,0.0,0.0,0.0,0.0,0.0,0.0,0.0,0.0,0.0,0.0,0.0,0.0,0.0,0.0,0.0,0.0,0.0,0.0,0.0,0.0,0.0,0.0,0.0,0.0,0.0,0.0,0.0,0.0,0.0,0.0,0.0,0.0,0.0,0.0,0.0,65.0,0.0,0.0,0.0,65.0,0.0,0.0,0.0,0.0,0.0,0.0,65.0,0.0,0.0,0.0,0.0,0.0,0.0,0.0,0.0,0.0,0.0,0.0,0.0,0.0,0.0,0.0,0.0,0.0,0.0,0.0,0.0,0.0,0.0,0.0,0.0,0.0,0.0,0.0,0.0,0.0,0.0,0.0,0.0,0.0,0.0
M348,0.0,0.0,0.0,0.0,0.0,0.0,0.0,0.0,0.0,0.0,0.0,0.0,0.0,0.0,0.0,0.0,0.0,0.0,0.0,0.0,0.0,0.0,0.0,0.0,0.0,0.0,0.0,0.0,0.0,0.0,0.0,0.0,0.0,0.0,0.0,0.0,0.0,0.0,0.0,0.0,0.0,0.0,0.0,0.0,0.0,0.0,0.0,265.0,0.0,0.0,0.0,265.0,0.0,0.0,265.0,0.0,0.0,0.0,265.0,0.0,0.0,265.0,0.0,0.0,0.0,265.0,0.0,0.0,265.0,0.0,0.0,0.0,265.0,0.0,0.0,0.0,265.0,0.0,265.0,0.0,0.0,265.0,0.0,0.0,265.0,0.0,0.0,0.0,265.0,0.0,0.0,0.0,265.0,0.0,0.0,0.0,265.0,0.0,0.0,265.0
M349,0.0,0.0,0.0,0.0,0.0,0.0,0.0,0.0,0.0,0.0,0.0,0.0,0.0,0.0,0.0,0.0,0.0,0.0,0.0,0.0,0.0,0.0,0.0,0.0,0.0,0.0,0.0,0.0,0.0,0.0,0.0,0.0,0.0,0.0,0.0,0.0,0.0,0.0,0.0,0.0,0.0,0.0,0.0,0.0,0.0,0.0,0.0,0.0,0.0,0.0,265.0,0.0,0.0,0.0,0.0,0.0,0.0,0.0,0.0,0.0,0.0,0.0,0.0,0.0,0.0,0.0,0.0,0.0,0.0,0.0,0.0,0.0,0.0,0.0,0.0,0.0,0.0,0.0,0.0,0.0,0.0,0.0,0.0,0.0,0.0,0.0,0.0,0.0,0.0,0.0,0.0,0.0,0.0,0.0,0.0,0.0,0.0,0.0,0.0,265.0
M350,0.0,0.0,0.0,0.0,0.0,0.0,0.0,0.0,0.0,0.0,0.0,0.0,0.0,0.0,0.0,0.0,0.0,0.0,0.0,0.0,0.0,0.0,0.0,0.0,0.0,0.0,0.0,0.0,0.0,0.0,0.0,0.0,0.0,0.0,0.0,0.0,0.0,0.0,0.0,0.0,0.0,0.0,0.0,0.0,0.0,0.0,0.0,0.0,165.0,0.0,0.0,0.0,165.0,0.0,0.0,165.0,0.0,0.0,0.0,165.0,0.0,0.0,165.0,0.0,0.0,0.0,165.0,0.0,0.0,165.0,0.0,0.0,0.0,165.0,0.0,0.0,0.0,165.0,0.0,165.0,0.0,0.0,0.0,165.0,0.0,165.0,165.0,0.0,0.0,165.0,0.0,0.0,0.0,165.0,0.0,0.0,0.0,165.0,165.0,0.0
M351,0.0,0.0,0.0,0.0,0.0,0.0,0.0,0.0,0.0,0.0,0.0,0.0,0.0,0.0,0.0,0.0,0.0,0.0,0.0,0.0,0.0,0.0,0.0,0.0,0.0,0.0,0.0,0.0,0.0,0.0,0.0,0.0,0.0,0.0,0.0,0.0,0.0,0.0,0.0,0.0,0.0,0.0,0.0,0.0,0.0,0.0,0.0,0.0,0.0,0.0,265.0,0.0,0.0,0.0,0.0,0.0,0.0,265.0,0.0,0.0,0.0,0.0,0.0,0.0,0.0,0.0,0.0,0.0,265.0,0.0,0.0,265.0,0.0,0.0,0.0,0.0,0.0,0.0,265.0,0.0,0.0,0.0,0.0,0.0,0.0,0.0,0.0,0.0,0.0,0.0,0.0,0.0,0.0,0.0,0.0,0.0,0.0,0.0,0.0,0.0
M352,0.0,0.0,0.0,0.0,0.0,0.0,0.0,0.0,0.0,0.0,0.0,0.0,0.0,0.0,0.0,0.0,0.0,0.0,0.0,0.0,0.0,0.0,0.0,0.0,0.0,0.0,0.0,0.0,0.0,0.0,0.0,0.0,0.0,0.0,0.0,0.0,0.0,0.0,0.0,0.0,0.0,0.0,0.0,0.0,0.0,0.0,0.0,0.0,0.0,0.0,65.0,0.0,0.0,0.0,65.0,0.0,0.0,65.0,0.0,0.0,0.0,65.0,0.0,0.0,65.0,0.0,0.0,0.0,65.0,0.0,0.0,65.0,0.0,0.0,0.0,65.0,0.0,0.0,65.0,0.0,65.0,0.0,0.0,0.0,65.0,0.0,0.0,65.0,0.0,0.0,0.0,65.0,0.0,0.0,0.0,65.0,0.0,0.0,0.0,0.0
M353,0.0,0.0,0.0,0.0,0.0,0.0,0.0,0.0,0.0,0.0,0.0,0.0,0.0,0.0,0.0,0.0,0.0,0.0,0.0,0.0,0.0,0.0,0.0,0.0,0.0,0.0,0.0,0.0,0.0,0.0,0.0,0.0,0.0,0.0,0.0,0.0,0.0,0.0,0.0,0.0,0.0,0.0,0.0,0.0,0.0,0.0,0.0,0.0,65.0,0.0,0.0,0.0,65.0,0.0,0.0,65.0,0.0,0.0,0.0,65.0,0.0,0.0,65.0,0.0,215.0,0.0,65.0,0.0,215.0,65.0,0.0,215.0,0.0,65.0,0.0,215.0,0.0,65.0,215.0,65.0,215.0,0.0,0.0,65.0,215.0,65.0,65.0,215.0,0.0,65.0,0.0,215.0,0.0,65.0,0.0,215.0,0.0,65.0,65.0,0.0
M356,0.0,0.0,0.0,0.0,0.0,0.0,0.0,0.0,0.0,0.0,0.0,0.0,0.0,0.0,0.0,0.0,0.0,0.0,0.0,0.0,0.0,0.0,0.0,0.0,0.0,0.0,0.0,0.0,0.0,0.0,0.0,0.0,0.0,0.0,0.0,0.0,0.0,0.0,0.0,0.0,0.0,0.0,0.0,0.0,0.0,0.0,0.0,0.0,0.0,0.0,0.0,0.0,0.0,0.0,0.0,0.0,0.0,0.0,0.0,0.0,0.0,0.0,0.0,0.0,215.0,0.0,0.0,0.0,0.0,0.0,0.0,215.0,0.0,0.0,0.0,0.0,0.0,0.0,215.0,0.0,0.0,0.0,0.0,0.0,0.0,0.0,0.0,0.0,0.0,0.0,0.0,215.0,0.0,0.0,0.0,215.0,0.0,0.0,0.0,0.0
M358,0.0,0.0,0.0,0.0,0.0,0.0,0.0,0.0,0.0,0.0,0.0,0.0,0.0,0.0,0.0,0.0,0.0,0.0,0.0,0.0,0.0,0.0,0.0,0.0,0.0,0.0,0.0,0.0,0.0,0.0,0.0,0.0,0.0,0.0,0.0,0.0,0.0,0.0,0.0,0.0,0.0,0.0,0.0,0.0,0.0,0.0,0.0,0.0,0.0,0.0,0.0,0.0,0.0,0.0,0.0,0.0,0.0,0.0,0.0,0.0,0.0,0.0,0.0,0.0,65.0,0.0,0.0,0.0,65.0,0.0,0.0,65.0,0.0,0.0,0.0,65.0,0.0,0.0,65.0,0.0,65.0,0.0,0.0,0.0,65.0,0.0,0.0,65.0,0.0,0.0,0.0,65.0,0.0,0.0,0.0,65.0,0.0,0.0,0.0,0.0
M359,0.0,0.0,0.0,0.0,0.0,0.0,0.0,0.0,0.0,0.0,0.0,0.0,0.0,0.0,0.0,0.0,0.0,0.0,0.0,0.0,0.0,0.0,0.0,0.0,0.0,0.0,0.0,0.0,0.0,0.0,0.0,0.0,0.0,0.0,0.0,0.0,0.0,0.0,0.0,0.0,0.0,0.0,0.0,0.0,0.0,0.0,0.0,0.0,0.0,0.0,0.0,0.0,0.0,0.0,0.0,0.0,0.0,0.0,0.0,0.0,0.0,0.0,0.0,0.0,115.0,0.0,0.0,0.0,115.0,0.0,0.0,115.0,0.0,0.0,0.0,0.0,0.0,0.0,115.0,0.0,115.0,0.0,0.0,0.0,115.0,0.0,0.0,115.0,0.0,0.0,0.0,115.0,0.0,0.0,0.0,115.0,0.0,0.0,0.0,0.0
M360,0.0,0.0,0.0,0.0,0.0,0.0,0.0,0.0,0.0,0.0,0.0,0.0,0.0,0.0,0.0,0.0,0.0,0.0,0.0,0.0,0.0,0.0,0.0,0.0,0.0,0.0,0.0,0.0,0.0,0.0,0.0,0.0,0.0,0.0,0.0,0.0,0.0,0.0,0.0,0.0,0.0,0.0,0.0,0.0,0.0,0.0,0.0,0.0,0.0,0.0,0.0,0.0,0.0,0.0,0.0,0.0,0.0,0.0,0.0,0.0,0.0,0.0,0.0,0.0,0.0,115.0,0.0,0.0,0.0,0.0,0.0,0.0,0.0,0.0,0.0,0.0,0.0,0.0,0.0,0.0,0.0,0.0,0.0,0.0,0.0,0.0,0.0,0.0,0.0,0.0,0.0,0.0,0.0,0.0,0.0,0.0,0.0,0.0,0.0,0.0
M361,0.0,0.0,0.0,0.0,0.0,0.0,0.0,0.0,0.0,0.0,0.0,0.0,0.0,0.0,0.0,0.0,0.0,0.0,0.0,0.0,0.0,0.0,0.0,0.0,0.0,0.0,0.0,0.0,0.0,0.0,0.0,0.0,0.0,0.0,0.0,0.0,0.0,0.0,0.0,0.0,0.0,0.0,0.0,0.0,0.0,0.0,0.0,0.0,0.0,0.0,0.0,0.0,0.0,0.0,0.0,0.0,0.0,0.0,0.0,0.0,0.0,0.0,0.0,0.0,0.0,65.0,0.0,0.0,65.0,0.0,0.0,0.0,65.0,0.0,0.0,0.0,65.0,0.0,65.0,0.0,0.0,65.0,0.0,0.0,65.0,0.0,0.0,0.0,65.0,0.0,0.0,0.0,65.0,0.0,0.0,0.0,65.0,0.0,0.0,65.0
M362,0.0,0.0,0.0,0.0,0.0,0.0,0.0,0.0,0.0,0.0,0.0,0.0,0.0,0.0,0.0,0.0,0.0,0.0,0.0,0.0,0.0,0.0,0.0,0.0,0.0,0.0,0.0,0.0,0.0,0.0,0.0,0.0,0.0,0.0,0.0,0.0,0.0,0.0,0.0,0.0,0.0,0.0,0.0,0.0,0.0,0.0,0.0,0.0,0.0,0.0,0.0,0.0,0.0,0.0,0.0,0.0,0.0,0.0,0.0,0.0,0.0,0.0,0.0,0.0,0.0,115.0,0.0,0.0,115.0,0.0,0.0,0.0,115.0,0.0,0.0,0.0,115.0,0.0,115.0,0.0,0.0,115.0,0.0,0.0,115.0,0.0,0.0,0.0,115.0,0.0,0.0,0.0,115.0,0.0,0.0,0.0,115.0,0.0,0.0,115.0
M363,0.0,0.0,0.0,0.0,0.0,0.0,0.0,0.0,0.0,0.0,0.0,0.0,0.0,0.0,0.0,0.0,0.0,0.0,0.0,0.0,0.0,0.0,0.0,0.0,0.0,0.0,0.0,0.0,0.0,0.0,0.0,0.0,0.0,0.0,0.0,0.0,0.0,0.0,0.0,0.0,0.0,0.0,0.0,0.0,0.0,0.0,0.0,0.0,0.0,0.0,0.0,0.0,0.0,0.0,0.0,0.0,0.0,0.0,0.0,0.0,0.0,0.0,0.0,0.0,0.0,65.0,0.0,0.0,65.0,0.0,0.0,0.0,65.0,0.0,0.0,0.0,0.0,0.0,0.0,0.0,0.0,0.0,0.0,0.0,65.0,0.0,0.0,0.0,0.0,0.0,0.0,0.0,0.0,0.0,0.0,0.0,65.0,0.0,0.0,0.0
M364,0.0,0.0,0.0,0.0,0.0,0.0,0.0,0.0,0.0,0.0,0.0,0.0,0.0,0.0,0.0,0.0,0.0,0.0,0.0,0.0,0.0,0.0,0.0,0.0,0.0,0.0,0.0,0.0,0.0,0.0,0.0,0.0,0.0,0.0,0.0,0.0,0.0,0.0,0.0,0.0,0.0,0.0,0.0,0.0,0.0,0.0,0.0,0.0,0.0,0.0,0.0,0.0,0.0,0.0,0.0,0.0,0.0,0.0,0.0,0.0,0.0,0.0,0.0,0.0,0.0,115.0,0.0,0.0,115.0,0.0,0.0,0.0,115.0,0.0,0.0,0.0,0.0,0.0,115.0,0.0,0.0,0.0,0.0,0.0,0.0,0.0,0.0,0.0,0.0,0.0,0.0,0.0,115.0,0.0,0.0,0.0,115.0,0.0,0.0,115.0
M365,0.0,0.0,0.0,0.0,0.0,0.0,0.0,0.0,0.0,0.0,0.0,0.0,0.0,0.0,0.0,0.0,0.0,0.0,0.0,0.0,0.0,0.0,0.0,0.0,0.0,0.0,0.0,0.0,0.0,0.0,0.0,0.0,0.0,0.0,0.0,0.0,0.0,0.0,0.0,0.0,0.0,0.0,0.0,0.0,0.0,0.0,0.0,0.0,0.0,0.0,0.0,0.0,0.0,0.0,0.0,0.0,0.0,0.0,0.0,0.0,0.0,0.0,0.0,0.0,115.0,0.0,115.0,0.0,0.0,115.0,0.0,0.0,0.0,115.0,0.0,0.0,0.0,115.0,0.0,115.0,0.0,0.0,0.0,115.0,0.0,115.0,115.0,0.0,0.0,0.0,0.0,0.0,0.0,0.0,0.0,0.0,0.0,0.0,0.0,0.0
M366,0.0,0.0,0.0,0.0,0.0,0.0,0.0,0.0,0.0,0.0,0.0,0.0,0.0,0.0,0.0,0.0,0.0,0.0,0.0,0.0,0.0,0.0,0.0,0.0,0.0,0.0,0.0,0.0,0.0,0.0,0.0,0.0,0.0,0.0,0.0,0.0,0.0,0.0,0.0,0.0,0.0,0.0,0.0,0.0,0.0,0.0,0.0,0.0,0.0,0.0,0.0,0.0,0.0,0.0,0.0,0.0,0.0,0.0,0.0,0.0,0.0,0.0,0.0,0.0,0.0,115.0,0.0,0.0,115.0,0.0,0.0,0.0,115.0,0.0,0.0,0.0,115.0,0.0,115.0,0.0,0.0,115.0,0.0,0.0,115.0,0.0,0.0,0.0,115.0,0.0,0.0,0.0,115.0,0.0,0.0,0.0,115.0,0.0,0.0,115.0
M51,0.0,65.0,0.0,0.0,0.0,0.0,0.0,0.0,0.0,0.0,0.0,0.0,0.0,0.0,0.0,0.0,0.0,0.0,0.0,0.0,0.0,0.0,0.0,0.0,0.0,0.0,0.0,0.0,0.0,0.0,65.0,0.0,0.0,0.0,0.0,0.0,0.0,0.0,0.0,0.0,0.0,0.0,0.0,0.0,0.0,65.0,0.0,0.0,0.0,0.0,0.0,0.0,0.0,0.0,0.0,0.0,0.0,0.0,0.0,0.0,0.0,0.0,0.0,0.0,0.0,0.0,0.0,0.0,0.0,0.0,0.0,0.0,0.0,0.0,0.0,0.0,0.0,0.0,0.0,0.0,0.0,0.0,0.0,0.0,0.0,0.0,0.0,0.0,0.0,0.0,0.0,0.0,0.0,0.0,0.0,0.0,0.0,0.0,0.0,0.0
Thato Mosala,0.0,0.0,0.0,0.0,0.0,0.0,0.0,0.0,0.0,0.0,0.0,0.0,0.0,0.0,0.0,0.0,0.0,0.0,0.0,0.0,0.0,0.0,0.0,0.0,0.0,0.0,0.0,0.0,0.0,0.0,0.0,0.0,0.0,0.0,0.0,0.0,0.0,0.0,0.0,0.0,0.0,0.0,0.0,0.0,0.0,0.0,0.0,0.0,0.0,0.0,0.0,0.0,0.0,115.0,0.0,0.0,0.0,0.0,0.0,0.0,0.0,0.0,0.0,0.0,0.0,0.0,0.0,0.0,0.0,0.0,0.0,0.0,0.0,0.0,0.0,0.0,0.0,115.0,0.0,0.0,0.0,0.0,115.0,0.0,0.0,0.0,0.0,0.0,0.0,0.0,115.0,0.0,0.0,0.0,0.0,0.0,0.0,0.0,0.0,0.0
